images,label
363_JPG.rf.cd2f6ba2c534a8462c9b498763336ff5.jpg,Serous cystadenoma
1330_JPG.rf.d55fefffcc99197687daeeaf2782b4f0.jpg,Chocolate cyst
713_JPG.rf.afed43ea8f3959f9d3c102fa699da69d.jpg,Teratoma
444_JPG.rf.1d49a66a987ec223a7dd95da49247cf7.jpg,Teratoma
1379_JPG.rf.2971ab740d9583c943cfdd0dbcc92247.jpg,Serous cystadenoma
1023_JPG.rf.7b0a4915dfd9428d74c98576c46e8de9.jpg,Chocolate cyst
377_JPG.rf.538fa95f91eda5d2b76e76484a33b8fb.jpg,Chocolate cyst
983_JPG.rf.ea413347275a449f0c6556e08165eb8f.jpg,Theca cell tumor
714_JPG.rf.580b93c76d86ecb6a61e8985beead17b.jpg,Teratoma
79_JPG.rf.4d14bbf2e1646fc1c050181c7b4c87d1.jpg,Chocolate cyst
532_JPG.rf.a622c1b946a951d97be212ce79e98a82.jpg,Teratoma
1628.jpg,Clean
1186_JPG.rf.b469821e6b7c21ba62c40dbe94bb56ac.jpg,Theca cell tumor
729_JPG.rf.3eb25668740c633af680eafdd09ced49.jpg,Serous cystadenoma
1542.jpg,Polycystic ovary syndrome
43_JPG.rf.c0edc31ef63ae2708e3185989c63d0ef.jpg,Simple cyst
333_JPG.rf.69c456be8e3a85e4920fd06f6bbb714a.jpg,Chocolate cyst
148_JPG.rf.3f2e8c424f53fbebb3d6def843c8a370.jpg,Serous cystadenoma
762_JPG.rf.85041da1ecd15bf895469adf72eef164.jpg,Serous cystadenoma
1345_JPG.rf.9a3376a63e806c84bc9670003aa621ea.jpg,Chocolate cyst
81_JPG.rf.1bd871c7c72dbc2d5aa3251d647a8f9d.jpg,Chocolate cyst
49_JPG.rf.f9feb77c540076cfcd5ddbdff45f4f73.jpg,Teratoma
471_JPG.rf.0e6516d95564a8dfdcf3a0144bda1d6e.jpg,Chocolate cyst
1353_JPG.rf.da85397721c6df1e2a79677121c2f3f6.jpg,Serous cystadenoma
1321_JPG.rf.a4a57b7691d7c0a02e7383c67c9bce3c.jpg,Mucinous cystadenoma
805_JPG.rf.7870eba83cc97292c6d9bc4b6890101f.jpg,Chocolate cyst
500_JPG.rf.0f84cc8fc58c79129c547f5f162f5c3c.jpg,Simple cyst
390_JPG.rf.33371aba30c16ea66a553204cff440b6.jpg,Chocolate cyst
1286_JPG.rf.942346eb431b337181cf150fa2a2732a.jpg,Chocolate cyst
1138_JPG.rf.4f8cee972f4832534355dadee4b34093.jpg,Chocolate cyst
1326_JPG.rf.98a6924088eec156dfe992d3aa700014.jpg,Chocolate cyst
459_JPG.rf.694c8c2b9be6e032b534e58c5b2a8ba8.jpg,Serous cystadenoma
1280_JPG.rf.897bc073961adc1130c87ad9a30793c5.jpg,Chocolate cyst
506_JPG.rf.8e3e56bafb927574fa436acabccf21da.jpg,Teratoma
307_JPG.rf.faec7eafcc15c0df09440112c15d5284.jpg,Teratoma
67_JPG.rf.83209505a0981f0f8d4a6bec2fd5d97e.jpg,Teratoma
370_JPG.rf.5b81b819d0ebd14a345f7043ce83743e.jpg,Theca cell tumor
223_JPG.rf.33316e1caf46c25e50105ffb0ca4d22b.jpg,Mucinous cystadenoma
1134_JPG.rf.3b7429df69170adf0fc6890754b6573a.jpg,Theca cell tumor
1207_JPG.rf.802b9eec04817b1ea98562c60a0c32ad.jpg,Chocolate cyst
1356_JPG.rf.93072a5f5d4e0e11ce9968ea9cdc1bf4.jpg,Serous cystadenoma
51_JPG.rf.4cf93e8ea96abf3cbc22d472c28c2845.jpg,Teratoma
339_JPG.rf.6817cdc620aa6482a9baa83c875e4117.jpg,Serous cystadenoma
262_JPG.rf.54f12ec2491afa878b50baedf74293bb.jpg,Teratoma
1170_JPG.rf.fecbc9231737a9a2d296e6e09cb58ed3.jpg,Chocolate cyst
32_JPG.rf.5cec23c92bfaf3f3c3b24aaf7c36c9c1.jpg,Chocolate cyst
1193_JPG.rf.606b3e2711774f5f3096d72a66a4d9b1.jpg,Mucinous cystadenoma
730_JPG.rf.e42804707053b916e765c899d0d5e3ad.jpg,Serous cystadenoma
1172_JPG.rf.5608b82be060c5fd712fd928388d3346.jpg,Mucinous cystadenoma
1572.jpg,Clean
214_JPG.rf.b9353489ee93a108980fa0befe09150b.jpg,Mucinous cystadenoma
1154_JPG.rf.f38aa16992f9da0f4a3aacdfc6e20d30.jpg,Teratoma
294_JPG.rf.a5780b0aa870f5187b78ad886aa3762a.jpg,Chocolate cyst
1213_JPG.rf.2b9e1a57b9dfad62dfffc052cc591469.jpg,Chocolate cyst
799_JPG.rf.ca7942a4509e07505e14ab5c0a54c55f.jpg,Chocolate cyst
110_JPG.rf.1a1aeecfa21e0ffe8558e5936d089d20.jpg,Simple cyst
349_JPG.rf.13bdbf9b80a0aff49bd698994bfb99a7.jpg,Teratoma
937_JPG.rf.3c0bc8241c144a98c8e14f3f438b2818.jpg,Teratoma
946_JPG.rf.a63cfe0fd718834522d86e1b601605ee.jpg,Teratoma
1627.jpg,Clean
1158_JPG.rf.a3064494e4177586e100b9dc80aa4258.jpg,Teratoma
564_JPG.rf.411c60e94bdd1fbd9f393b4c33129086.jpg,Serous cystadenoma
1335_JPG.rf.f2f4730f693a4f289fecb20297ba7075.jpg,Teratoma
481_JPG.rf.c4fe2406a372f99b715df1564bb28414.jpg,Chocolate cyst
280_JPG.rf.353ac7641f0cd7bf8e6619da3cbf3e00.jpg,Mucinous cystadenoma
255_JPG.rf.d128748767d503920855ee5f3795601f.jpg,Serous cystadenoma
928_JPG.rf.f16f062131b5f8df885401dced67be7b.jpg,Teratoma
1313_JPG.rf.e5b5d76589a332819110a53793de8570.jpg,Teratoma
1539.jpg,Polycystic ovary syndrome
63_JPG.rf.ba8cc42a61141a8b76d6a486d66f3730.jpg,Serous cystadenoma
1425_JPG.rf.ee278fe1915bd171fc3afe26afa45646.jpg,High grade serous cystadenocarcinoma
1213_JPG.rf.2b9e1a57b9dfad62dfffc052cc591469.jpg,Chocolate cyst
758_JPG.rf.7dbf231fae2b834a5c8901ffe165e6ef.jpg,Serous cystadenoma
1151_JPG.rf.abd980fb8608d72db991b38dbbce5854.jpg,Theca cell tumor
44_JPG.rf.c619a8eba0960d0e2e66b83e0d868a28.jpg,Simple cyst
813_JPG.rf.150fd1e76fe78a706cca6695f16e70da.jpg,Serous cystadenoma
292_JPG.rf.db14d84489ee8b8837cda323e3d6f766.jpg,Chocolate cyst
1105_JPG.rf.9ccb220a99bc0824dbf662657beccc39.jpg,Teratoma
1374_JPG.rf.5532126fb93b25784eb092e19f5c6f79.jpg,Simple cyst
1180_JPG.rf.ecad14f62f36085de82e687988a0a417.jpg,Theca cell tumor
606_JPG.rf.b880406c17b1d7c12e0ce76c7221fa46.jpg,Theca cell tumor
612_JPG.rf.f7a1bc8172b698f2336b91a1e02c85b3.jpg,Serous cystadenoma
328_JPG.rf.45eaf310639c127a300f7d82ac5041e8.jpg,Chocolate cyst
1414_JPG.rf.38703e4d4e09b93ea5b27fd97f92095c.jpg,Teratoma
703_JPG.rf.a1648cf493b8d4b79309e61e5014ec47.jpg,Mucinous cystadenoma
575_JPG.rf.41dba8d5d69804fadda8e48707a008a4.jpg,Chocolate cyst
1046_JPG.rf.82d66f3a1e3b30db4c22a380f8bdd125.jpg,Chocolate cyst
1333_JPG.rf.034a4e798d714097b06f9a4922f68dec.jpg,Teratoma
1049_JPG.rf.959a448f7843bf0c3107443574318d57.jpg,Chocolate cyst
1368_JPG.rf.87cf3a5704d87a05261728fa60e8f30a.jpg,Chocolate cyst
1575.jpg,Clean
675_JPG.rf.fee9659a74e71a95b983c02d05057732.jpg,Chocolate cyst
555_JPG.rf.c809df6f9f5a17d63cda327de267fb42.jpg,Teratoma
1554.jpg,Polycystic ovary syndrome
1437_JPG.rf.21eb8f6eadc0a6e875504b9220281f9c.jpg,High grade serous cystadenocarcinoma
929_JPG.rf.40d06de5ad6bd50642c49bcc94172625.jpg,Teratoma
1319_JPG.rf.80075a837b8ddf180f6309e917a89569.jpg,Mucinous cystadenoma
629_JPG.rf.c03066285de4cbf3ff70b5c1269f6802.jpg,Theca cell tumor
546_JPG.rf.e5b38600c3cb8cc964e7895560ab9e28.jpg,Serous cystadenoma
581_JPG.rf.ac60cf6d8d4408f4bde683e73a73b305.jpg,Chocolate cyst
880_JPG.rf.7bfe2618619a83aff5a76a5875229d03.jpg,Chocolate cyst
791_JPG.rf.e845431152600541769a4f9517d3018d.jpg,Chocolate cyst
1018_JPG.rf.e26d4ff141200ddc385b9c69b2a0c335.jpg,Teratoma
943_JPG.rf.04f359af65e9c51d30e13e53cf9854d8.jpg,Teratoma
1349_JPG.rf.13f8bb9e5268e0e4b22794b47acb25ce.jpg,Chocolate cyst
1076_JPG.rf.69419a2f9346e739762453fd27be4a36.jpg,Teratoma
1645.jpg,Clean
737_JPG.rf.6a850808c48e63a3b609c042df2399bb.jpg,Teratoma
241_JPG.rf.00a7696dd50292b65da35d1cdba94b9f.jpg,Chocolate cyst
321_JPG.rf.a719de952cf03ed2d6ef167e58c400b4.jpg,Serous cystadenoma
744_JPG.rf.68221a3ca1e741ef75e8b45d9700b735.jpg,Teratoma
65_JPG.rf.58911944acd8de35b8a83d3162570efe.jpg,Serous cystadenoma
1478.jpg,Polycystic ovary syndrome
1029_JPG.rf.86f7abf0e2323e99f58e3d4af7380f99.jpg,Serous cystadenoma
451_JPG.rf.e6ce5a5e655b1163ec9fcd3c0277e685.jpg,Chocolate cyst
383_JPG.rf.894caf1f8bebde80847c7e29f36baee7.jpg,Theca cell tumor
318_JPG.rf.ef43f8e05690bf918c801aef336b83ad.jpg,Serous cystadenoma
1188_JPG.rf.8d17b18bc92eee9bb699dc33b553e400.jpg,Chocolate cyst
755_JPG.rf.11cc1aedb2aa31c864030ad12ef87f7c.jpg,Teratoma
1177_JPG.rf.645eef9fd440cc429b998cb8dd8ad0dc.jpg,Mucinous cystadenoma
1132_JPG.rf.d16a8239756f32f380524654ad0fb75b.jpg,Simple cyst
1395_JPG.rf.13eadf9b820c77aeb85e7a959fa88a71.jpg,Teratoma
58_JPG.rf.600d0c1c6a018e1d795f54c43796003f.jpg,Serous cystadenoma
540_JPG.rf.6c1c66ff099ab81953f58304fa497f4e.jpg,Chocolate cyst
1553.jpg,Polycystic ovary syndrome
311_JPG.rf.ec82836769aa444b71bbf5ed4b5a1227.jpg,Simple cyst
843_JPG.rf.be6ae36b6ee46132f5265a590233aec7.jpg,Chocolate cyst
25_JPG.rf.64cfa95d24ca6837fa37e02b69476f95.jpg,Mucinous cystadenoma
879_JPG.rf.75e66d488a64284822ed422a89ee9c38.jpg,Simple cyst
441_JPG.rf.33d7ab659277d17f58d85b4c51d3275f.jpg,Teratoma
910_JPG.rf.33b2822721d2321a52a6cbdd28efbde4.jpg,Chocolate cyst
766_JPG.rf.b8d9945f11d4fa9c8a716266404890e7.jpg,Teratoma
1104_JPG.rf.812945ee966f7a0f01482a009061c0e5.jpg,Chocolate cyst
925_JPG.rf.7befb4f09d7e23a0678cb13a92d46b57.jpg,Teratoma
569_JPG.rf.572ab02b254edbffb42dd25b43a92a8c.jpg,Serous cystadenoma
865_JPG.rf.08ceac71dda30973e81f7fcab25c8788.jpg,Serous cystadenoma
1019_JPG.rf.6345deab4287b599826a993cde3f01c1.jpg,Teratoma
1143_JPG.rf.d61a61d33e0d4d86218943146bb5f7d9.jpg,Chocolate cyst
380_JPG.rf.db9d420aec86080865e1cf1fb699cc34.jpg,Teratoma
295_JPG.rf.f0d69bd1f68df836a6261d53172937ed.jpg,Chocolate cyst
1507.jpg,Polycystic ovary syndrome
84_JPG.rf.968c74d7d30c1dc1983f83d1ee6ad1b0.jpg,Chocolate cyst
1448_JPG.rf.75e7197a42d04c13d65abacec641c945.jpg,High grade serous cystadenocarcinoma
609_JPG.rf.4038b3965a17ef2db333872bbac2caab.jpg,Theca cell tumor
448_JPG.rf.d81bf6a2f060c2ec725aa19e756ba42d.jpg,Chocolate cyst
628_JPG.rf.a40a54877b68538fbd38c422463c2a89.jpg,Theca cell tumor
1578.jpg,Clean
1551.jpg,Polycystic ovary syndrome
1054_JPG.rf.a18e3c008db5bdf47afea980b76f2d53.jpg,Theca cell tumor
1028_JPG.rf.ab1c0b62b7a1490d405ee6603fe021c0.jpg,Serous cystadenoma
712_JPG.rf.97feb2be2d4e18360684ba6333fe0383.jpg,Teratoma
1354_JPG.rf.978b0f9172c61a46fa15245e2fdb852e.jpg,Serous cystadenoma
670_JPG.rf.ada173e1c624e38d00f3a4d8970ebb69.jpg,Simple cyst
1217_JPG.rf.ccf84f456fb0c8137f36761c1b384d63.jpg,Chocolate cyst
1065_JPG.rf.227ec600a543593237a0db9e83821f30.jpg,Teratoma
1599.jpg,Clean
232_JPG.rf.f30a14e3f32fc2423ebbf476f0a108f3.jpg,Teratoma
305_JPG.rf.3eb6b41c00510e36795cb802a6874d57.jpg,Teratoma
335_JPG.rf.61ae5f62cba6c8a0834e9135a48eee82.jpg,Teratoma
1175_JPG.rf.a79c841af2e40097ad16dc7c9aff23a9.jpg,Mucinous cystadenoma
1283_JPG.rf.fdb8dc9e6f53af8f342d872868338d65.jpg,Chocolate cyst
1352_JPG.rf.73c5972c70253b2de6f74f2cada2efbd.jpg,Serous cystadenoma
1610.jpg,Clean
1161_JPG.rf.9b8b99c7ded04a5662faf992d8cde87a.jpg,Chocolate cyst
1207_JPG.rf.802b9eec04817b1ea98562c60a0c32ad.jpg,Chocolate cyst
351_JPG.rf.b7bda1748b59e4d5ae1e054f67df0ee0.jpg,Teratoma
1103_JPG.rf.b636ad3594070d42ef48d763cdea54c7.jpg,Chocolate cyst
1460_JPG.rf.015b8c8c3dbaee50121c5eb8a2e5c291.jpg,High grade serous cystadenocarcinoma
817_JPG.rf.7c59b60b9bd5b709272dc41805d0f75f.jpg,Teratoma
1435_JPG.rf.7413f6c2cca77ec582ed8b83bd377d7f.jpg,High grade serous cystadenocarcinoma
56_JPG.rf.cfb09a6ece5e09ec66ff5d19db953655.jpg,Teratoma
863_JPG.rf.2ee9af9ecf0f43bcfc9d68c9934f37a4.jpg,Chocolate cyst
1586.jpg,Clean
752_JPG.rf.11125dbe1fbb4b58a438a32a936a377c.jpg,Mucinous cystadenoma
1565.jpg,Polycystic ovary syndrome
760_JPG.rf.2951d99567e1bb0dfec0773e44baa396.jpg,Serous cystadenoma
1431_JPG.rf.347c3503977c922bebae23c617e078d9.jpg,High grade serous cystadenocarcinoma
91_JPG.rf.32f5556561099c111369926bc943ef39.jpg,Serous cystadenoma
161_JPG.rf.b043bbca87a77e91854bcabe71731db3.jpg,Chocolate cyst
1601.jpg,Clean
1239_JPG.rf.c5ffb0c4c2541eb2062c59f5b52fcc98.jpg,Simple cyst
393_JPG.rf.fcacbdbc7bc23f8a5a562a473cf03d5e.jpg,Chocolate cyst
1216_JPG.rf.dbde80e1e8f856be12642a4f740c5b87.jpg,Chocolate cyst
1656.jpg,Clean
794_JPG.rf.fcefc5a81fc7be8a1060d04daba44530.jpg,Mucinous cystadenoma
1608.jpg,Clean
1155_JPG.rf.75843cf436f10a53388eabd9c2905596.jpg,Teratoma
1112_JPG.rf.8f456d1b64f822215c2a1f3a6ae1de16.jpg,Simple cyst
167_JPG.rf.921c5ef0651a174f7cb38a3b7fb0dbc3.jpg,Teratoma
710_JPG.rf.bff01259ef23e71754af1e312c5720eb.jpg,Teratoma
1423_JPG.rf.a31c2e389551abeecea0a740143c770d.jpg,High grade serous cystadenocarcinoma
1322_JPG.rf.e755f1f25fa57147f90c1991a84e82fd.jpg,Mucinous cystadenoma
1523.jpg,Polycystic ovary syndrome
1458_JPG.rf.e2913f28a226a5cda302face1d0e23e6.jpg,High grade serous cystadenocarcinoma
565_JPG.rf.9fcc4feca904bc9bc86034edb3f3e514.jpg,Serous cystadenoma
1484.jpg,Polycystic ovary syndrome
229_JPG.rf.b19e8d0cd09fe92a705dbf48cb0dd1c7.jpg,Mucinous cystadenoma
478_JPG.rf.39a9cef085fc87aa4c4965e70be2cf31.jpg,Theca cell tumor
1471.jpg,Polycystic ovary syndrome
1476.jpg,Polycystic ovary syndrome
1366_JPG.rf.1bdddf7a49895b6f15d9f0ff8ce7faca.jpg,Chocolate cyst
1630.jpg,Clean
1652.jpg,Clean
1053_JPG.rf.e8efe14a68213a26e32e259c1d27a263.jpg,Serous cystadenoma
30_JPG.rf.758096ba42b4c5423f802ed5288ca942.jpg,Chocolate cyst
1259_JPG.rf.b60e662454a8bc425e7d99007c99ac92.jpg,Teratoma
861_JPG.rf.60aa16d7cfbff6c49f3c8402b32cbf73.jpg,Teratoma
314_JPG.rf.ccaef5c84a8791ee0236fc38591706b9.jpg,Chocolate cyst
1391_JPG.rf.b976a95ee67134fd5c2df5b989c17d73.jpg,Teratoma
31_JPG.rf.3c09de843ea34b170e30439b32b4136d.jpg,Chocolate cyst
467_JPG.rf.8a594cbeb329b5ab28e5ef3d2c6ed3d9.jpg,Mucinous cystadenoma
282_JPG.rf.3c6819e4c5b1797c9bdcab941c6eff09.jpg,Mucinous cystadenoma
386_JPG.rf.83cbf057c24dade02d541dfa999dc4ab.jpg,Serous cystadenoma
1570.jpg,Clean
1183_JPG.rf.1e20a870ac792e81d3de98885347e531.jpg,Theca cell tumor
1545.jpg,Polycystic ovary syndrome
450_JPG.rf.4e53bab802192d235e65e090ffa8c12a.jpg,Mucinous cystadenoma
1623.jpg,Clean
70_JPG.rf.259ed4c77911c0d30d5de004096ae75a.jpg,Teratoma
682_JPG.rf.1272ab0875606a8860d09c01abc55c56.jpg,Simple cyst
1411_JPG.rf.72dde69ccc52718409e8a789597921bd.jpg,Chocolate cyst
1238_JPG.rf.91e7fca07220ac09716feeef77cb2e66.jpg,Simple cyst
313_JPG.rf.e302b712619de329678f88c0566fcf8e.jpg,Chocolate cyst
1369_JPG.rf.cb3f898c6ec8f9ba004d4529169d5db1.jpg,Chocolate cyst
576_JPG.rf.ae69870b19e3d2b7392edfebe50344b3.jpg,Chocolate cyst
771_JPG.rf.9f02ec9de5299176018f523125d3a1a5.jpg,Serous cystadenoma
906_JPG.rf.a08ac51e3aa8bf0b170ae0136b00d070.jpg,Chocolate cyst
940_JPG.rf.a4c66df48ca0dbf375b6641ad01dba5f.jpg,Teratoma
999_JPG.rf.631fd96e3c83f7ec2078197e778be893.jpg,Teratoma
749_JPG.rf.7d7eb1e6bb8c813dd29744a633754bee.jpg,Mucinous cystadenoma
775_JPG.rf.fe4707c38a85fd0dada0375ba4b760f8.jpg,Teratoma
615_JPG.rf.f73109e447c4b9cfc5c3747ff7b73d64.jpg,Serous cystadenoma
48_JPG.rf.4f4f6c3d522aa14b60cdeea68b3ed388.jpg,Teratoma
1533.jpg,Polycystic ovary syndrome
140_JPG.rf.154caed0c57ce22da569606929b7c26d.jpg,Serous cystadenoma
205_JPG.rf.6ea682688bcdc33a4a5598b55cae2e01.jpg,Chocolate cyst
1071_JPG.rf.45bf69cb73af91d0922b530c815e4714.jpg,Teratoma
635_JPG.rf.562e82901bc06d41848da3bf0341f563.jpg,Teratoma
1037_JPG.rf.bef9db56fe3d61d5701a67428924f221.jpg,Chocolate cyst
1463_JPG.rf.d4f523dd735db6a43d7f73cfbf495acb.jpg,High grade serous cystadenocarcinoma
634_JPG.rf.dcfa7b4a69c893548ea5d8ec17396ede.jpg,Teratoma
1107_JPG.rf.26090c8275b86d1cfcd5445a7258bf54.jpg,Teratoma
917_JPG.rf.0533edab7e6f528e43bf2ef36b245dc7.jpg,Teratoma
1659.jpg,Clean
419_JPG.rf.cfd316e1cbaf048d96b4db9bb8020a8c.jpg,Serous cystadenoma
1654.jpg,Clean
264_JPG.rf.b662c7bca48ef0e686102b3070e05482.jpg,Teratoma
1655.jpg,Clean
909_JPG.rf.8a5ada9bfcfeb0a5f53db0f178045cf8.jpg,Chocolate cyst
344_JPG.rf.60e93e78124de69227ae54b90bc14941.jpg,Serous cystadenoma
816_JPG.rf.70f859e03e1d74e82fd18395434dea7f.jpg,Teratoma
869_JPG.rf.b113fed3c4ddd6184b6d615662857ee2.jpg,Teratoma
131_JPG.rf.4f59127f076e637393c1da11425968e0.jpg,Serous cystadenoma
1479.jpg,Polycystic ovary syndrome
371_JPG.rf.d151628b86e49ca8a5be7453e290d705.jpg,Theca cell tumor
1583.jpg,Clean
1640.jpg,Clean
477_JPG.rf.e2ab13d9c676844718de36e8b583ead6.jpg,Theca cell tumor
1262_JPG.rf.45e44b26480129ecd24e899416eca9c3.jpg,Teratoma
1289_JPG.rf.707912e37c6c06bb262cebb73f343d45.jpg,Serous cystadenoma
1436_JPG.rf.a8a59e3ea7fab1f3c8c0df87cc176d87.jpg,High grade serous cystadenocarcinoma
317_JPG.rf.6e4e465d8bf92956444146b2f3fd4dc6.jpg,Serous cystadenoma
487_JPG.rf.e0d9d5ace135014994a190207806d0eb.jpg,Teratoma
814_JPG.rf.5a62340027fb890de6e9d978658c52fb.jpg,Mucinous cystadenoma
1495.jpg,Polycystic ovary syndrome
1600.jpg,Clean
578_JPG.rf.cebe3d88eac7d117beb77a9604ff1139.jpg,Chocolate cyst
938_JPG.rf.d6a6d777b6cfd84499d69e5d7e854cad.jpg,Teratoma
54_JPG.rf.355deb21ebc2a3bc4666c1b3410271a0.jpg,Teratoma
492_JPG.rf.6e44ba3f959e092793f52fbc17fbcf77.jpg,Mucinous cystadenoma
984_JPG.rf.6a78acffdd2e2e5008240e56e68604b8.jpg,Theca cell tumor
133_JPG.rf.8fa14a9d4893aff5810dbe131f8dd20e.jpg,Serous cystadenoma
1334_JPG.rf.e7ddaadb0ac59d9a374f48496e24393f.jpg,Teratoma
726_JPG.rf.f6eb67c96391078d0718acc589cb893e.jpg,Teratoma
1662.jpg,Clean
1524.jpg,Polycystic ovary syndrome
1013_JPG.rf.01f28021116252b05e6d93ca9e44662b.jpg,Simple cyst
750_JPG.rf.bc3f1cb43107b96b2c245701662d4a5d.jpg,Mucinous cystadenoma
1667.jpg,Clean
1244_JPG.rf.158ff987803968d36ea79427b5b27627.jpg,Teratoma
1257_JPG.rf.2e1dff4dee3952a402b6052335569cfe.jpg,Teratoma
1658.jpg,Clean
225_JPG.rf.75b2eddf95063323dd24cd8d1273625f.jpg,Mucinous cystadenoma
360_JPG.rf.cac7bba5f750869b50c753ea99182954.jpg,Theca cell tumor
802_JPG.rf.f16d0bca682821ce598aeaac18d0ab05.jpg,Chocolate cyst
281_JPG.rf.9b18e77de93fadafb8032f8ce68722e9.jpg,Mucinous cystadenoma
1001_JPG.rf.2ee02e3daca5fcb7ddb7ffae43cf41a2.jpg,Teratoma
181_JPG.rf.ac3f58f7f3847e094acfa888e07d76c0.jpg,Teratoma
1215_JPG.rf.08828ee567ecede7ed99d073d81736c5.jpg,Chocolate cyst
1465.jpg,Polycystic ovary syndrome
267_JPG.rf.d800a8a7bd57668e23ac238b224d92ab.jpg,Teratoma
469_JPG.rf.7fa5584635b3ca7d59e06e62751acebe.jpg,Teratoma
517_JPG.rf.c6c73ec0843e692304c8b23c508c58a8.jpg,Teratoma
1056_JPG.rf.d9bf74597cb700beca8a2c299466a692.jpg,Teratoma
12_JPG.rf.ea2e814b388f01d08ca44dcafe80e15a.jpg,Chocolate cyst
192_JPG.rf.de59c2f33f91f1a962f5a68168ec698a.jpg,Chocolate cyst
1266_JPG.rf.d7a43acf4f6d8f1a62941e69e4717a49.jpg,Chocolate cyst
356_JPG.rf.187457618ea7705803255bcb67b5c6dc.jpg,Theca cell tumor
372_JPG.rf.2fa21532121f37b3cb4d0a5138add373.jpg,Theca cell tumor
647_JPG.rf.12861e5a7c3ea870c9365d18ee323a5e.jpg,Chocolate cyst
365_JPG.rf.9fbe6dcb177aab68eb5dc5b0e5546ceb.jpg,Serous cystadenoma
747_JPG.rf.4f020a598cb7685f58f2cfe464eeb055.jpg,Teratoma
1142_JPG.rf.39c3d23abadc236c32b0c618ccda6c88.jpg,Chocolate cyst
1187_JPG.rf.0a6bb72684ad0bdf4ceed23686eb34ec.jpg,Theca cell tumor
1669.jpg,Clean
643_JPG.rf.5bc39ab1f99713f4d7a826aa184c6d6e.jpg,Chocolate cyst
1168_JPG.rf.78c624a189cf19990fed8da679a1230e.jpg,Chocolate cyst
927_JPG.rf.cb353cb3e4bf234e4806db9d6082b23e.jpg,Teratoma
537_JPG.rf.3253b770acbc78175cc1016edf90f2fb.jpg,Teratoma
174_JPG.rf.e1f054dbbf9d6b496f2f89e507c660a9.jpg,Teratoma
1169_JPG.rf.0e45a89c0858555268db06a9b53191c0.jpg,Chocolate cyst
985_JPG.rf.8cbab626423ee70d34fb0c9008248a9c.jpg,Theca cell tumor
1470.jpg,Polycystic ovary syndrome
1496.jpg,Polycystic ovary syndrome
1440_JPG.rf.358651368bf01bddf3f27acf1dc51203.jpg,High grade serous cystadenocarcinoma
776_JPG.rf.4af864f5dd4dc989e1e093a277397a38.jpg,Teratoma
208_JPG.rf.5fb075d3106028c90cb4392d2d9d880e.jpg,Chocolate cyst
1488.jpg,Polycystic ovary syndrome
1190_JPG.rf.046a410a3fe92d226de2e662c5d10cb9.jpg,Chocolate cyst
1491.jpg,Polycystic ovary syndrome
1063_JPG.rf.2220a89ef98fde7d2bd3d20af5d35edc.jpg,Chocolate cyst
538_JPG.rf.a5263a1c9686b181f9a6428370b0431d.jpg,Chocolate cyst
1522.jpg,Polycystic ovary syndrome
1201_JPG.rf.651420b86ef62edd2f78e4af0b31ac86.jpg,Chocolate cyst
1467.jpg,Polycystic ovary syndrome
1285_JPG.rf.c629f9018f4d514923b4133a17ebdada.jpg,Chocolate cyst
410_JPG.rf.597a6e9efecb3b72b5c44b3d40afff5b.jpg,Serous cystadenoma
103_JPG.rf.edc12ef3ec1f64ded89885381d2f8350.jpg,Serous cystadenoma
1059_JPG.rf.4b97925bf34daee5bb0cd6700853141f.jpg,Teratoma
1163_JPG.rf.3bb67899f10cd70a57a6fd65129cffd0.jpg,Chocolate cyst
698_JPG.rf.01ec6faa1e2e0da7c269a3c1c1e259ff.jpg,Mucinous cystadenoma
702_JPG.rf.de08ece827cc20e32bfb215263989a9b.jpg,Mucinous cystadenoma
206_JPG.rf.84d79ed31f0d6ef211fae56bcc1e54c0.jpg,Chocolate cyst
707_JPG.rf.9af6aa62343fd0103151b3ae167ee586.jpg,Teratoma
706_JPG.rf.dbe2b04e06db14fd74d36fa8d301dc52.jpg,Teratoma
756_JPG.rf.f207832ba6d5dc959e76925838af2097.jpg,Teratoma
449_JPG.rf.cef6421f0838a3f9c4647453f9bef73f.jpg,Chocolate cyst
683_JPG.rf.a8be5aa4c296545713ab6675cb75afc2.jpg,Simple cyst
1218_JPG.rf.5a4200342117574efd06c7a6eeca2465.jpg,Simple cyst
1311_JPG.rf.b758a5ef75fb518d86ef1a183a55b9ef.jpg,Teratoma
1100_JPG.rf.631277a9a1e6f5270f35510f27c83d34.jpg,Teratoma
426_JPG.rf.900ad1d600290501ab4d16587e7eabdb.jpg,Theca cell tumor
452_JPG.rf.0cea47f663d115dd3586fa16baa50b5b.jpg,Mucinous cystadenoma
382_JPG.rf.600f5789e8f2b321836b340be6ce4220.jpg,Teratoma
570_JPG.rf.155cb0fcd40571325f3cdd598baab144.jpg,Serous cystadenoma
1024_JPG.rf.b471c0b8626f5f9816b7ee92cb560c63.jpg,Chocolate cyst
1438_JPG.rf.4a3dff7898cdfda032d3a91da0b1496f.jpg,High grade serous cystadenocarcinoma
918_JPG.rf.69420866be388d353803522d02618b14.jpg,Teratoma
857_JPG.rf.c0604ef107eb247eb66995beccb48eb8.jpg,Teratoma
1499.jpg,Polycystic ovary syndrome
162_JPG.rf.213c8870ea38eb180577a1707bc136a6.jpg,Chocolate cyst
235_JPG.rf.1308622e43d364f666cca99a59495ba9.jpg,Teratoma
361_JPG.rf.9ff7a700dc621ba04df0f0a3b39eddb7.jpg,Theca cell tumor
1620.jpg,Clean
1442_JPG.rf.eb19358ecbc7e14071fa9ef013f4fd64.jpg,High grade serous cystadenocarcinoma
368_JPG.rf.2dc4b53bdba3341d051ca7e5bc8d7f9f.jpg,Theca cell tumor
638_JPG.rf.bbe426d36a980135e58caaf2fcc616bd.jpg,Teratoma
1472.jpg,Polycystic ovary syndrome
462_JPG.rf.f118b5c0d4256c0c30fd8a7560c74444.jpg,Teratoma
1489.jpg,Polycystic ovary syndrome
1242_JPG.rf.e8125494c3d37795bd12b9154e87ba0c.jpg,Teratoma
93_JPG.rf.945f67feb1b1227b43a9f8909f137023.jpg,Serous cystadenoma
1409_JPG.rf.902fca06948fbe649d09f72749bd415a.jpg,Mucinous cystadenoma
594_JPG.rf.f1aeeaf05d1fef54fc1172fcae6334c7.jpg,Serous cystadenoma
1531.jpg,Polycystic ovary syndrome
1010_JPG.rf.83ed20af27a27a5aa7f5c995f893677c.jpg,Simple cyst
1402_JPG.rf.17f3c04de8c3de318d9cfe82ff7fdbb7.jpg,Teratoma
1292_JPG.rf.4750c26ac5e73d9f067509b7676d1e34.jpg,Serous cystadenoma
936_JPG.rf.401c42770f553852abcf0d31a982f2f0.jpg,Teratoma
364_JPG.rf.bdd0ed80963d0bf8b63bec19a1413a4a.jpg,Serous cystadenoma
359_JPG.rf.8cd282665511e174390e832e354ee1f9.jpg,Theca cell tumor
1647.jpg,Clean
1598.jpg,Clean
610_JPG.rf.cc2bfb44c4709ef2f7441498016b3d9f.jpg,Theca cell tumor
966_JPG.rf.50d00441fa043bc79cbdd73e716107d4.jpg,Serous cystadenoma
340_JPG.rf.4ee7a98b494b4e0e5c5b1b6f3b276abf.jpg,Serous cystadenoma
402_JPG.rf.334cc344def01ce20f589c4726b6426c.jpg,Teratoma
446_JPG.rf.5960f6dbd427145fc8e1533a478ba0d1.jpg,Chocolate cyst
490_JPG.rf.73a2fd4dfd122c15039933e74cb8e195.jpg,Serous cystadenoma
59_JPG.rf.5290da015b67173a145c11727a4f48bb.jpg,Serous cystadenoma
559_JPG.rf.a346addfbbf36e5cff43a1539000b166.jpg,Teratoma
1594.jpg,Clean
562_JPG.rf.1021280df68756ea11cf58a00b16a01a.jpg,Mucinous cystadenoma
1150_JPG.rf.3336030588677a7293e9d0f045e46a8d.jpg,Theca cell tumor
1546.jpg,Polycystic ovary syndrome
1057_JPG.rf.381fa549d5a2cbb28d388c96fa8905f0.jpg,Teratoma
1130_JPG.rf.1a228731fb125ab83d25d925fe21d949.jpg,Simple cyst
1101_JPG.rf.3d6e1249d937c0ec4c452ef89b8c0385.jpg,Chocolate cyst
413_JPG.rf.c9bb482d68e71965d40e51b3ac6d60b0.jpg,Mucinous cystadenoma
1512.jpg,Polycystic ovary syndrome
1579.jpg,Clean
768_JPG.rf.d927aaafa92dc45c81cbd65b851f3a15.jpg,Teratoma
1532.jpg,Polycystic ovary syndrome
619_JPG.rf.2661286a3c40fb1cd958546be10d7c5c.jpg,Serous cystadenoma
765_JPG.rf.1b7c9a1bc9d8ee13488e3b63fe5878a6.jpg,Teratoma
1167_JPG.rf.caf917fd0abd7ebcc6d18a8036efb728.jpg,Chocolate cyst
1077_JPG.rf.edd6c95294f46b5cdd4819398edae2ce.jpg,Teratoma
1237_JPG.rf.1579e9cc432d73c22c68a71e0ed06d57.jpg,Simple cyst
406_JPG.rf.747fbf220493e306675b3d7a74f7f47e.jpg,Serous cystadenoma
655_JPG.rf.cc2729193373241380bc2f88e67570d9.jpg,Teratoma
391_JPG.rf.fde937ce7b5c665307cd1cab8a1eef34.jpg,Chocolate cyst
1336_JPG.rf.d91775775335111b724cb28a7139bc92.jpg,Teratoma
86_JPG.rf.d48c2dc94adc447a6c214d126beba424.jpg,Chocolate cyst
168_JPG.rf.00d4c2b4362211275420bd828ae6a2b6.jpg,Teratoma
1021_JPG.rf.d526c7af501bf03ba01c8111314c099d.jpg,Teratoma
14_JPG.rf.9cf0888e9fe05a9fd53adad00e9112b6.jpg,Chocolate cyst
716_JPG.rf.c474a37ff6f28575d38ad77069d72e86.jpg,Teratoma
226_JPG.rf.c1be9562b21b82086d95e729cca1f456.jpg,Mucinous cystadenoma
773_JPG.rf.61e0d872552c5ed43987cda0814906df.jpg,Serous cystadenoma
1558.jpg,Polycystic ovary syndrome
334_JPG.rf.80e407b36e37ab248628ff057df5b153.jpg,Chocolate cyst
871_JPG.rf.98218ed61a7e97a38c1d627e5ef91487.jpg,Teratoma
1634.jpg,Clean
875_JPG.rf.70515b8c50cd1b93536331b21e4ce5a0.jpg,Serous cystadenoma
1432_JPG.rf.6dd54cdd172c6492049f708b9f0a9893.jpg,High grade serous cystadenocarcinoma
1604.jpg,Clean
412_JPG.rf.a65d56c702ba75431cf2823090d87311.jpg,Mucinous cystadenoma
453_JPG.rf.a1aeeaa4ff20d0e8828ffe1134c3cec6.jpg,Chocolate cyst
179_JPG.rf.129bb0930a9c09d52c09f19783112984.jpg,Simple cyst
491_JPG.rf.b42234cc4084c1b7fbb78c07d65f1779.jpg,Serous cystadenoma
366_JPG.rf.24b4f7df728819b70b6e27839808b1b2.jpg,Theca cell tumor
1418_JPG.rf.2483a0fb57867bfcf902009c2517a184.jpg,High grade serous cystadenocarcinoma
646_JPG.rf.a190afe4d0365f531ba76b900873bd0c.jpg,Chocolate cyst
182_JPG.rf.d22efb2117894e48c6acdb1a81bd24bf.jpg,Teratoma
1173_JPG.rf.aa1d5f3a479d554272914a9432e93ca8.jpg,Mucinous cystadenoma
1426_JPG.rf.40caa1e591977c7c09caa0c9b1bc3fea.jpg,High grade serous cystadenocarcinoma
735_JPG.rf.f95de0840305957626ec0c1ae1183e1c.jpg,Chocolate cyst
180_JPG.rf.8e4b9a23f2b980f0bb5838beecb14ae5.jpg,Teratoma
1503.jpg,Polycystic ovary syndrome
1337_JPG.rf.43d7e4b0293dbd3bc527ebfcba84878a.jpg,Teratoma
298_JPG.rf.0f3d2325a0fb7f93fa02a026e0dfb97d.jpg,Mucinous cystadenoma
844_JPG.rf.bbc73a39292e912f50984997912288f4.jpg,Chocolate cyst
348_JPG.rf.82fc005b3840dd5eb53783cc2ef7e130.jpg,Teratoma
394_JPG.rf.a3ba85a358afef1a55cc3145cdc1a024.jpg,Chocolate cyst
598_JPG.rf.f3a487bbcb10cba777c7df3cecaab41c.jpg,Teratoma
536_JPG.rf.9688b834ce94b8855e6d0f5f201a46bb.jpg,Teratoma
396_JPG.rf.4766dbad2ce58c3907ff023432c378bb.jpg,Chocolate cyst
774_JPG.rf.ad5f35f78ad7dc2aac56e9ca64ae07a7.jpg,Serous cystadenoma
373_JPG.rf.03bb133dafeeebffd3f76b7dad7e0819.jpg,Chocolate cyst
939_JPG.rf.3a3f51097f9fcf51cadad53eb03df13d.jpg,Teratoma
825_JPG.rf.f60deaf405fa73113fc338725c4846b7.jpg,Chocolate cyst
727_JPG.rf.26dcf93f0dfc1ff2cc582592cd71d8d1.jpg,Teratoma
1573.jpg,Clean
1593.jpg,Clean
1279_JPG.rf.aa8f536296ae20ba3b8a194e9607933b.jpg,Chocolate cyst
1624.jpg,Clean
979_JPG.rf.40e6d1855abb5e409a5c02e8ea0908ef.jpg,Theca cell tumor
1318_JPG.rf.e28928147381ecbd46173d9f8815176f.jpg,Mucinous cystadenoma
1481.jpg,Polycystic ovary syndrome
1220_JPG.rf.088ac26b96afe89f47a8273bc5b2e911.jpg,Simple cyst
1549.jpg,Polycystic ovary syndrome
811_JPG.rf.11d68579b68ae41d99840fa4ceb8576f.jpg,Teratoma
1493.jpg,Polycystic ovary syndrome
779_JPG.rf.2f95579e5acbe9cb056c1af02360ce61.jpg,Chocolate cyst
627_JPG.rf.9b15d2dcba04aa229509bb86815d1490.jpg,Theca cell tumor
796_JPG.rf.85f89bd3f14dd452dabf2f5b625ab22a.jpg,Chocolate cyst
972_JPG.rf.5e80de6d0051b9b0a5a07c7533c23fbe.jpg,Chocolate cyst
392_JPG.rf.63c4363599fa3325a92119f27b31f7d8.jpg,Chocolate cyst
1181_JPG.rf.59c0aa5030495449e23498e00b79b88d.jpg,Theca cell tumor
1045_JPG.rf.d93c4fa327897e82d07e32beaf0e303a.jpg,Chocolate cyst
1226_JPG.rf.f43f8a75b34ef559c58c258ca31caaea.jpg,Teratoma
1420_JPG.rf.6f8cc678c2416ddba5261a52758b14ca.jpg,High grade serous cystadenocarcinoma
639_JPG.rf.ffe591b1b66fc0c9f5c642415ac697b2.jpg,Chocolate cyst
39_JPG.rf.256f2eed8d84ad79e66f6b1d82dd271c.jpg,Chocolate cyst
30_JPG.rf.758096ba42b4c5423f802ed5288ca942.jpg,Chocolate cyst
316_JPG.rf.4cda7efce151eb8f475da09cfd0c74fe.jpg,Serous cystadenoma
953_JPG.rf.3b7c974b220559a6eccf21391ae5d2f4.jpg,Simple cyst
1232_JPG.rf.825706ce99c6338ef53cb917fc125615.jpg,Serous cystadenoma
177_JPG.rf.d3cf909184d1c7e7c51115520fb4f8b2.jpg,Serous cystadenoma
384_JPG.rf.44654b9752d151cc31743c4ab3bbaf3e.jpg,Theca cell tumor
1446_JPG.rf.5424d9d462e54619443efde5bf49da9e.jpg,High grade serous cystadenocarcinoma
759_JPG.rf.2a62d5ba730202c0725b72ec0902934d.jpg,Serous cystadenoma
1388_JPG.rf.250f3328e6c441188d4a94769f9763d9.jpg,Serous cystadenoma
1513.jpg,Polycystic ovary syndrome
971_JPG.rf.22e26229355bfbc7f73c755e52d58410.jpg,Teratoma
1660.jpg,Clean
731_JPG.rf.e0e7e09c4691e36099ac0c473df17775.jpg,Chocolate cyst
5_JPG.rf.b7ffbbb03e726214ec06820f412e475c.jpg,Simple cyst
138_JPG.rf.775fd1a71196529afa828177dca8c38a.jpg,Serous cystadenoma
991_JPG.rf.3cbd57cb40061695c34fe59134e1df36.jpg,Teratoma
1485.jpg,Polycystic ovary syndrome
1126_JPG.rf.737e3d6db28bfaa5caafde89780bb454.jpg,Serous cystadenoma
1325_JPG.rf.b4a402c93e14cc649f83ae71973085d7.jpg,Chocolate cyst
1514.jpg,Polycystic ovary syndrome
1210_JPG.rf.004d083fdd610aa01a0590e29bdd0eb9.jpg,Chocolate cyst
486_JPG.rf.f9b5f10699c6400ded878b04b0cfa981.jpg,Teratoma
798_JPG.rf.6e36cfee94dae572a34eec2461ece30d.jpg,Chocolate cyst
600_JPG.rf.20e78ee2df98665178cb6e144b14c180.jpg,Simple cyst
1520.jpg,Polycystic ovary syndrome
388_JPG.rf.dd12b59c5161234c0e175522e25c9346.jpg,Chocolate cyst
582_JPG.rf.ea2571d2e0e49b33ceccd5d2c38aec66.jpg,Chocolate cyst
585_JPG.rf.a23c5ef989e009cf73c023ff27f0dfec.jpg,Teratoma
1413_JPG.rf.0e99c22451d5964571d073de10108f1e.jpg,Serous cystadenoma
391_JPG.rf.fde937ce7b5c665307cd1cab8a1eef34.jpg,Chocolate cyst
858_JPG.rf.61af04ec428a491e443a32ecd7f46296.jpg,Teratoma
1196_JPG.rf.9d09d247a179299d38c3542e05e09068.jpg,Mucinous cystadenoma
7_JPG.rf.0de3a16046b6e5b05b5be84dac711834.jpg,Chocolate cyst
109_JPG.rf.cc71540ad0501d0134607bc3c635d03c.jpg,Simple cyst
561_JPG.rf.5646bd3b8cfa978df20419cfececed76.jpg,Mucinous cystadenoma
1197_JPG.rf.6df05362ed7bdf7f3497ccc6618930f2.jpg,Mucinous cystadenoma
842_JPG.rf.ca8d1192e4b013865b301395067d0799.jpg,Chocolate cyst
803_JPG.rf.0b37e0c4b7e52db568d1b4814772a9e4.jpg,Chocolate cyst
947_JPG.rf.a07bac6853b6f1338b01a6abd1fb9ecb.jpg,Teratoma
560_JPG.rf.22665eded7ef4ed590513e5cb036d424.jpg,Teratoma
1607.jpg,Clean
1613.jpg,Clean
822_JPG.rf.bc95b810b9d2a320c7b459c2ea6fd585.jpg,Mucinous cystadenoma
1421_JPG.rf.895597b6f9ff38606f37899f37fd3175.jpg,High grade serous cystadenocarcinoma
849_JPG.rf.c3fe316111306f6b8f0dae225ab4829d.jpg,Chocolate cyst
301_JPG.rf.1741945984f6d9305071ab655bf72719.jpg,Serous cystadenoma
761_JPG.rf.724132f26207938345e361901d630510.jpg,Serous cystadenoma
862_JPG.rf.5439e5b8499b5fe24631ebecdcd4f384.jpg,Chocolate cyst
1050_JPG.rf.eca3b6bb6f863d76b4916779c7c862d4.jpg,Serous cystadenoma
743_JPG.rf.8ef1d7a5827f86239f53859f578ffb63.jpg,Teratoma
66_JPG.rf.915468b75a61ecc131f96686c5151e25.jpg,Teratoma
1123_JPG.rf.0c3aaa49e4bd57df62703ae2f19944d6.jpg,Serous cystadenoma
1058_JPG.rf.b86a9cb13f00b08a1aa283a58d71e1ce.jpg,Teratoma
283_JPG.rf.ff66be1a36f9b4482ac8cbcdfed28c8f.jpg,Mucinous cystadenoma
833_JPG.rf.b10d033af1051fa478d54a9be6bd9199.jpg,Theca cell tumor
1605.jpg,Clean
720_JPG.rf.c5d07bb5f626af311a4c2f098593a65a.jpg,Chocolate cyst
1227_JPG.rf.02b6bcf41165cdb73fe56437d808ab96.jpg,Teratoma
1534.jpg,Polycystic ovary syndrome
1096_JPG.rf.c106eccd77d94a3a32ced5fde75bfbf4.jpg,Chocolate cyst
1258_JPG.rf.8c94e815b058590e8edacc3bdf378101.jpg,Teratoma
1144_JPG.rf.f91355cde9c26b409ed425e7d83601fe.jpg,Chocolate cyst
1535.jpg,Polycystic ovary syndrome
1642.jpg,Clean
1581.jpg,Clean
1064_JPG.rf.deb12ff7fe6615f70a57e5a40853ac94.jpg,Teratoma
347_JPG.rf.8660d1292fc5fc1945361abc2b33c60d.jpg,Teratoma
1574.jpg,Clean
466_JPG.rf.a190d6bcb19ce3055db01734395a818e.jpg,Teratoma
4_JPG.rf.d6989e1899caa9e9c94e9f149a28922f.jpg,Simple cyst
8_JPG.rf.dbddfb72e1ea29a540b305d1c4c9995f.jpg,Chocolate cyst
385_JPG.rf.d04b3b285e0a25e712129bab8825f75e.jpg,Serous cystadenoma
721_JPG.rf.3401183558c14002f212297c6f16a36f.jpg,Chocolate cyst
1189_JPG.rf.6e837e7679c8e7404e034cd450a21829.jpg,Chocolate cyst
1651.jpg,Clean
289_JPG.rf.6a313393bb84c554916bb7e9c1fecc60.jpg,Chocolate cyst
738_JPG.rf.4d7af2e83bb3f19fa00660fe52e0fae1.jpg,Teratoma
28_JPG.rf.5590c04d95425fda6cce3a4fa13a3588.jpg,Chocolate cyst
1214_JPG.rf.3e407f507407bfb7f4e1a1d52de5b93f.jpg,Chocolate cyst
919_JPG.rf.f01bfca950c43daaabee0c26ed786a51.jpg,Teratoma
731_JPG.rf.e0e7e09c4691e36099ac0c473df17775.jpg,Chocolate cyst
1568.jpg,Polycystic ovary syndrome
876_JPG.rf.106a27a736aad243de87da0bd1d4f655.jpg,Chocolate cyst
901_JPG.rf.bd9fef20aa492971cc7d8be0f7543fc0.jpg,Chocolate cyst
329_JPG.rf.3a3ce25b696508025f75d152a32cd959.jpg,Chocolate cyst
27_JPG.rf.edeec88378eab56dd72df8378c17302b.jpg,Chocolate cyst
416_JPG.rf.fe69ed048020b98d0c804050f24bae79.jpg,Serous cystadenoma
47_JPG.rf.5cec0535b0638e17349eba5e442cea23.jpg,Teratoma
130_JPG.rf.4930cf95ee80674b49ff0f795099af8f.jpg,Serous cystadenoma
1288_JPG.rf.9afd7695eed689d08457a003327d3936.jpg,Chocolate cyst
55_JPG.rf.4bfe64f23151a155f221b7c5df51bfd3.jpg,Teratoma
1108_JPG.rf.d1911ed1c0bb0fa646a842a7f911a00f.jpg,Teratoma
287_JPG.rf.5ed6a638b6eadb3bc009f4ef8c44edbb.jpg,Teratoma
153_JPG.rf.85bd9e90a28457895120993d185ddf58.jpg,Theca cell tumor
924_JPG.rf.431b581c73f3e873fa4b0f116bda79ed.jpg,Teratoma
784_JPG.rf.af5c3fa1359b362d5b42a394e3f475d0.jpg,Simple cyst
72_JPG.rf.9065b9622c6fa1a5d277a72eea2adc82.jpg,Simple cyst
1582.jpg,Clean
767_JPG.rf.919700859d753b6231d3f1add4e18700.jpg,Teratoma
45_JPG.rf.0f8adb2237aec10c437cd3213cbd58fd.jpg,Teratoma
1263_JPG.rf.3c6bd9aaf8c2961e22714333faa86755.jpg,Teratoma
699_JPG.rf.127612887bbbee43021ae44935f438eb.jpg,Mucinous cystadenoma
921_JPG.rf.bcd8144902917fd4bbaccc8f9c2dd04f.jpg,Mucinous cystadenoma
916_JPG.rf.1ad4f43e494abd261c61d30502862869.jpg,Teratoma
973_JPG.rf.65711859a369a0ad50a11b00ac8c36b4.jpg,Chocolate cyst
711_JPG.rf.02189410554e91d33df6318ec29c5ea5.jpg,Teratoma
613_JPG.rf.7930ae1a628d668c1aaefc550f4a9a1d.jpg,Serous cystadenoma
1273_JPG.rf.6e6714b60ea2be5936188ab84bd9da07.jpg,Serous cystadenoma
1497.jpg,Polycystic ovary syndrome
827_JPG.rf.0ff29765a0c2aca5954cfbbe0204d10e.jpg,Teratoma
60_JPG.rf.d2d39f97310fa033c614a67e22953b10.jpg,Serous cystadenoma
99_JPG.rf.bd2bdf84b781801237d6c0596510664b.jpg,Serous cystadenoma
1141_JPG.rf.afa2e2f2a3d78e55bf08ceeeee02d1da.jpg,Chocolate cyst
260_JPG.rf.40d915eb2acfed2d13be2d0e1f76ecfc.jpg,Teratoma
354_JPG.rf.45aa98adf9c4ccd7b5a54af0abb2808f.jpg,Theca cell tumor
460_JPG.rf.1dde043da3ac9834c78c004f4fd981be.jpg,Serous cystadenoma
695_JPG.rf.f3a9a797a8264e938f975c83d564467d.jpg,Mucinous cystadenoma
903_JPG.rf.64f1cfe2c458d27197a5c23e926fa882.jpg,Teratoma
1518.jpg,Polycystic ovary syndrome
239_JPG.rf.9a6aebf16433bee6eda314a701772aca.jpg,Chocolate cyst
137_JPG.rf.90759f53bcca7dabd3b3aeb39fd3fa1f.jpg,Serous cystadenoma
1541.jpg,Polycystic ovary syndrome
1219_JPG.rf.596d22c04bbf6695181cbdde24c0fdc9.jpg,Simple cyst
276_JPG.rf.9f476adf8a974c651b91070e31d0523b.jpg,Mucinous cystadenoma
872_JPG.rf.7825fea56059c66c045f4dad12d19a5d.jpg,Teratoma
1537.jpg,Polycystic ovary syndrome
723_JPG.rf.33b0459e7718b4f39487321cfdf7d212.jpg,Chocolate cyst
1061_JPG.rf.a7118056010997fe0428b355422458b5.jpg,Serous cystadenoma
1038_JPG.rf.086ebbbd9f0f0b3bf7c992b5fea3976d.jpg,Chocolate cyst
1089_JPG.rf.3f25915e2c7c49e061a6a19026822c68.jpg,Mucinous cystadenoma
801_JPG.rf.a158780bb090b4d2972ba11b74e01dd8.jpg,Chocolate cyst
240_JPG.rf.4ea09f0e920a4dfb44cf292ef25ec3c2.jpg,Chocolate cyst
178_JPG.rf.1e2cb65a2495b4405a16826e9fe7ac97.jpg,Serous cystadenoma
1043_JPG.rf.322ed8d9d8793fe25d32a72aa9b6c88c.jpg,Teratoma
83_JPG.rf.59c7062c2ebecc55811365d2f810c108.jpg,Chocolate cyst
1416_JPG.rf.762d5b9a630e52a31f64b9b54f765b7e.jpg,Serous cystadenoma
1278_JPG.rf.0c30172737dfaa6e3e12364d707ac429.jpg,Chocolate cyst
719_JPG.rf.639e5d76c76e0d36f859a83e5dc78e66.jpg,Chocolate cyst
1185_JPG.rf.26cefc82828671213bee8dbb96591c58.jpg,Theca cell tumor
630_JPG.rf.7ea8f05079c051f94d4009ef07cdbce6.jpg,Theca cell tumor
218_JPG.rf.e729e4bc87adb893408c12d8cf93426e.jpg,Chocolate cyst
322_JPG.rf.263a13288e2ff046e690d8cab5500d91.jpg,Serous cystadenoma
381_JPG.rf.62c783c3cbd762635ca043235c71e0c6.jpg,Teratoma
1236_JPG.rf.871662e9e0aae6df6fdc7e7f1a6b6656.jpg,Simple cyst
795_JPG.rf.11bc3f8b25676be17d7562a9a9d07ac9.jpg,Mucinous cystadenoma
414_JPG.rf.87ce822e2778f7d057c3d1d3906dfbdc.jpg,Mucinous cystadenoma
104_JPG.rf.dd68e2835d67e44382afa6cd5f257033.jpg,Serous cystadenoma
1135_JPG.rf.ce9bf81d7a40155f966a00280fd4cf91.jpg,Chocolate cyst
1011_JPG.rf.637d971c3cf0cb8974f74b1233d1bc24.jpg,Simple cyst
1295_JPG.rf.b755937ee394a30a0e9c51288a0516e1.jpg,Theca cell tumor
1422_JPG.rf.aab0f2318835b52316da5b7d39fc43c9.jpg,High grade serous cystadenocarcinoma
1286_JPG.rf.942346eb431b337181cf150fa2a2732a.jpg,Chocolate cyst
1526.jpg,Polycystic ovary syndrome
934_JPG.rf.e1361660ec6b0f310a35b13054da1370.jpg,Teratoma
1543.jpg,Polycystic ovary syndrome
376_JPG.rf.8eb0c2f741bd56669ac42faf2c32c40d.jpg,Chocolate cyst
1428_JPG.rf.5c878a00ff2a8b8c0e6507497530f507.jpg,High grade serous cystadenocarcinoma
498_JPG.rf.df0caa1d3bb9a4868da0ab70da0670ce.jpg,Simple cyst
309_JPG.rf.cc5fb78aaae29030017182002a932f71.jpg,Teratoma
1445_JPG.rf.4a410d601badfd4af731ef6cd6b2de24.jpg,High grade serous cystadenocarcinoma
1616.jpg,Clean
379_JPG.rf.6a4cbf40d6487d79c730a7b150d703c1.jpg,Teratoma
1516.jpg,Polycystic ovary syndrome
1665.jpg,Clean
323_JPG.rf.27d48197492cdb67e2025f3df32b6ced.jpg,Serous cystadenoma
1433_JPG.rf.558c4b66d4db594cbbac8fd7fb068f20.jpg,High grade serous cystadenocarcinoma
1212_JPG.rf.a487c88ac66b09d10e5f7a5d5c7ec532.jpg,Chocolate cyst
71_JPG.rf.9ab4936e08061bc1458d4876675ce3e2.jpg,Chocolate cyst
101_JPG.rf.9c0699af7580bf8b81373e1ed0fdb0de.jpg,Serous cystadenoma
897_JPG.rf.a335b9def6fc78c4d5d529fbea5bd8a1.jpg,Mucinous cystadenoma
33_JPG.rf.2d1091d12c76e11c486d528b7cb2837f.jpg,Chocolate cyst
1243_JPG.rf.e0b58aca85c5c219ba1e6a1e0d2e5c6e.jpg,Teratoma
595_JPG.rf.1109ab5a99c0cd0cb7f890dea60f396c.jpg,Serous cystadenoma
590_JPG.rf.4258db4010df809c2971fe5d06c73cec.jpg,Simple cyst
1327_JPG.rf.0c73fb35ca164da81c4964731aeef2ed.jpg,Chocolate cyst
1118_JPG.rf.eade12afd38a9516b0a13999025d7a93.jpg,Serous cystadenoma
1122_JPG.rf.e8ff88019df7959684b2d282f04fc328.jpg,Serous cystadenoma
80_JPG.rf.644bb7ed429fd6ffc08c084cf6a01cd7.jpg,Chocolate cyst
89_JPG.rf.3a3ea84df5dbc0417ac892d38eea1fbf.jpg,Serous cystadenoma
883_JPG.rf.6a99809e0aa0da4cf1781f7383f5efef.jpg,Chocolate cyst
85_JPG.rf.c22606c5a75bdec6de36e4d6cc1081c4.jpg,Chocolate cyst
605_JPG.rf.ad5d94aa6aa13a93d08a2dc762f4da52.jpg,Theca cell tumor
1055_JPG.rf.3fb3cdf356761af4d72e6c4081907cb7.jpg,Theca cell tumor
1206_JPG.rf.55ff33e14ec183cda739b5a273e16dc5.jpg,Chocolate cyst
579_JPG.rf.0aab1118c7b199bf7e86eeb76f1ee567.jpg,Chocolate cyst
834_JPG.rf.a32f6f0e51aeeac43b2ccf9545c6241b.jpg,Serous cystadenoma
968_JPG.rf.45de544ce67ebd64c23e6be96820a96b.jpg,Serous cystadenoma
1386_JPG.rf.39e07dd0f26b007d952044339ef413cc.jpg,Serous cystadenoma
527_JPG.rf.c2e5dc022eee904005d3dda1053350ff.jpg,Teratoma
1498.jpg,Polycystic ovary syndrome
998_JPG.rf.1d6ae1bd61dcf16ae51f638fdfc25b06.jpg,Teratoma
1060_JPG.rf.ca3b398788f25bceee1b2e2e9b827246.jpg,Serous cystadenoma
119_JPG.rf.fdc7f8bafec5159c12dbac0063881888.jpg,Serous cystadenoma
788_JPG.rf.014ac6ac4bb00c2708bd5e9b78701aba.jpg,Mucinous cystadenoma
881_JPG.rf.0e106aee88fc0e0fff7d664cd2bf05cf.jpg,Chocolate cyst
996_JPG.rf.e0899d4dca9ccf96e28c620a40cf9a28.jpg,Teratoma
62_JPG.rf.f9f5837b338d1f897eb5113465fbd9ee.jpg,Serous cystadenoma
355_JPG.rf.bb70c2181b603ef27da864b010e83e7b.jpg,Theca cell tumor
1266_JPG.rf.d7a43acf4f6d8f1a62941e69e4717a49.jpg,Chocolate cyst
312_JPG.rf.56f37be49eceaff1303be5bcd93fb4c9.jpg,Simple cyst
297_JPG.rf.e4818ab6d8973e92d26209fc3dd4f30f.jpg,Serous cystadenoma
190_JPG.rf.816d75d1354feb8b196549e5798c9844.jpg,Chocolate cyst
1580.jpg,Clean
480_JPG.rf.857a1e0f4a8504233bfc400d6a98f80e.jpg,Theca cell tumor
151_JPG.rf.6be5f07dffbfb088ddc70ffe84414f8b.jpg,Theca cell tumor
1459_JPG.rf.391119e776d1286fcf38f5adbd26086d.jpg,High grade serous cystadenocarcinoma
324_JPG.rf.fa45091c10a709d6adfbf6e52bbe8682.jpg,Serous cystadenoma
1619.jpg,Clean
11_JPG.rf.02ea4087737299fe454301a32b904209.jpg,Chocolate cyst
596_JPG.rf.cdeaa865abf5b73cea4a0952f873c000.jpg,Serous cystadenoma
329_JPG.rf.3a3ce25b696508025f75d152a32cd959.jpg,Chocolate cyst
770_JPG.rf.f08acef2448b1863ec5cf1c6a3f8891d.jpg,Serous cystadenoma
499_JPG.rf.43264a58bacc22ca948a77117ec9c76a.jpg,Simple cyst
1026_JPG.rf.a3218a2df028430c865d21476e27ccda.jpg,Chocolate cyst
1396_JPG.rf.029bcefff271dace63eeb7b051520235.jpg,Teratoma
734_JPG.rf.55303f79981032fbee7e700842e98a77.jpg,Chocolate cyst
608_JPG.rf.015ab3b290c10268d8ec9ee2f13731b4.jpg,Theca cell tumor
1564.jpg,Polycystic ovary syndrome
189_JPG.rf.6285552b8cfb52cde2aad934f3dde53b.jpg,Chocolate cyst
668_JPG.rf.4b162c73acbe4f15cf0c466a171bb98d.jpg,Serous cystadenoma
1567.jpg,Polycystic ovary syndrome
717_JPG.rf.9887a12ba35e1d3efe992b395a265a4f.jpg,Chocolate cyst
234_JPG.rf.05c8ae4d9e1ee814127bce5c867611e5.jpg,Teratoma
1621.jpg,Clean
1008_JPG.rf.2aefb74da1abef6858a8658d8b3129fc.jpg,Chocolate cyst
1410_JPG.rf.24a7c969507bb4968d4dc9ac2723f224.jpg,Teratoma
1434_JPG.rf.b3acd0236f6a45be1f45ddd6b93a205a.jpg,High grade serous cystadenocarcinoma
952_JPG.rf.4fdc52e89c33158f0dbbb41d463134b5.jpg,Teratoma
1663.jpg,Clean
9_JPG.rf.3f3945004f8b6edefd6e3cda39e20c97.jpg,Chocolate cyst
915_JPG.rf.cd73bb3c8df9d00b134be6a5c771b1fe.jpg,Mucinous cystadenoma
864_JPG.rf.59f23b8151c64bdbc1e55f3ba6b3f291.jpg,Teratoma
1348_JPG.rf.c0892104e5066549c7e622a5908862e8.jpg,Chocolate cyst
456_JPG.rf.e0767862e8cbcb64f44ec3b3307b39df.jpg,Serous cystadenoma
407_JPG.rf.524483b26670c3d2e71b95960cebdaef.jpg,Serous cystadenoma
1156_JPG.rf.6d7643f1cad2971301b22f4a3cea59ca.jpg,Teratoma
1331_JPG.rf.b675b24c8852b22167a6a66d431b749c.jpg,Chocolate cyst
1614.jpg,Clean
332_JPG.rf.787179ab1a32b6f05fa7ba84705dbbb8.jpg,Chocolate cyst
1365_JPG.rf.b6a16bf37199100ae1099fdb1f744983.jpg,Chocolate cyst
479_JPG.rf.2f4b9c25c5cda4fa61809423df407045.jpg,Serous cystadenoma
1251_JPG.rf.4909d85329bb1f22ec2bb942988224be.jpg,Chocolate cyst
1562.jpg,Polycystic ovary syndrome
183_JPG.rf.2e820e7e52c400ff806546ed20a14b38.jpg,Teratoma
701_JPG.rf.1463c1391d4b20fe712b5d0e21a8edfd.jpg,Mucinous cystadenoma
1550.jpg,Polycystic ovary syndrome
1082_JPG.rf.8ca68cd84ec17f2d84eae18a6905bc34.jpg,Teratoma
1222_JPG.rf.0ad78db8fc8ddf30f3526e3d292972c0.jpg,Teratoma
1603.jpg,Clean
583_JPG.rf.7e12c82e8655c9195a5ed37f88e06883.jpg,Teratoma
709_JPG.rf.16765033469829ba05725f24b0d266c1.jpg,Teratoma
1192_JPG.rf.f6712cb26a7a954d3d05decd0e15225b.jpg,Theca cell tumor
300_JPG.rf.c37327ed526a97327b882eb64e10c591.jpg,Mucinous cystadenoma
1124_JPG.rf.4a0915049fa54921f91cc75d0e660154.jpg,Serous cystadenoma
302_JPG.rf.10a0b615dd83a856e7e300a496e1e000.jpg,Serous cystadenoma
1492.jpg,Polycystic ovary syndrome
286_JPG.rf.05cccb15f6182ebc2de93a74cfcd9831.jpg,Teratoma
82_JPG.rf.1fefe649ea414cdce92f52fc58db4e76.jpg,Chocolate cyst
194_JPG.rf.3240e6fe5bf483e00c91631ce8c3b405.jpg,Chocolate cyst
1643.jpg,Clean
870_JPG.rf.92846236aeae7f1dae0a8481d1e1c00c.jpg,Teratoma
1664.jpg,Clean
1159_JPG.rf.ba4d22c5b0b5771bb043ca242acc7051.jpg,Teratoma
970_JPG.rf.bbd98fef72f10c3090e47b8906b11d4b.jpg,Teratoma
172_JPG.rf.d6bccbf276441304425eaf50331737b6.jpg,Teratoma
1260_JPG.rf.c563f8999c93e4f43315bee6730e9243.jpg,Teratoma
535_JPG.rf.f93a813d1de896bfb8c6afff94588e49.jpg,Teratoma
1102_JPG.rf.023abfad8607f485325b7801e688ef62.jpg,Chocolate cyst
676_JPG.rf.8a344f322fac7c36a9ebc45d92ddf3d9.jpg,Chocolate cyst
1372_JPG.rf.e8828563ea4683384a379c7f8f477817.jpg,Teratoma
673_JPG.rf.0dd9cf0ecbbded427a708b4cb190a2b1.jpg,Chocolate cyst
1148_JPG.rf.f2a23591428a89e3a2156d6f4258fcb7.jpg,Theca cell tumor
445_JPG.rf.ab19909f9770dba7a3e8e0c8d4ded725.jpg,Chocolate cyst
496_JPG.rf.6d39494bb1bc5f559e464c2026bf30a6.jpg,Serous cystadenoma
1_JPG.rf.6311000475c9d5e9287ee0950983f2fa.jpg,Simple cyst
461_JPG.rf.d6602f08d09a43230e8becbd5f97aa65.jpg,Teratoma
1596.jpg,Clean
625_JPG.rf.d2fe3377c9d67c08eb928b3775548c3c.jpg,Theca cell tumor
1477.jpg,Polycystic ovary syndrome
1253_JPG.rf.e359f8d3803d3767ad05e09ca79f0458.jpg,Chocolate cyst
1247_JPG.rf.58d5268f8ac65e1362ac73b1190db744.jpg,Chocolate cyst
1264_JPG.rf.057db76221594e6498dc9c098b125bd0.jpg,Chocolate cyst
1022_JPG.rf.72cbf4cab7d38f91785626ed21cf4c13.jpg,Teratoma
227_JPG.rf.f82aba8ba6b2050b4a368db6e887275a.jpg,Mucinous cystadenoma
597_JPG.rf.19b8fd4d1165c5736db9c4a7057e6043.jpg,Teratoma
163_JPG.rf.9cafd7204959cbb38736a36a32526e71.jpg,Chocolate cyst
1557.jpg,Polycystic ovary syndrome
708_JPG.rf.e5a8c4ce0e9192fc47b2ea73f2166024.jpg,Teratoma
926_JPG.rf.b1c96dc071286443dc2861d535ff7da0.jpg,Teratoma
95_JPG.rf.86a35f5310f9915d7b95d061f6ac90ea.jpg,Serous cystadenoma
1625.jpg,Clean
238_JPG.rf.1b353102ca37cd8edb828854b2ec9048.jpg,Teratoma
1346_JPG.rf.63e80abbcd021a94f05a8dabbdc0b5a5.jpg,Chocolate cyst
541_JPG.rf.b7a940272c845048cce19a7aa6006b88.jpg,Chocolate cyst
325_JPG.rf.271781ce0977869fe7dfefbb8d3321a0.jpg,Serous cystadenoma
69_JPG.rf.9e682ddf2919dc68d914425f6a72ee23.jpg,Teratoma
170_JPG.rf.8dfe3690114bc3cac9116c933f11d770.jpg,Teratoma
374_JPG.rf.bcf83768b3bb6c1a54ecbe2ac91459e3.jpg,Chocolate cyst
1626.jpg,Clean
398_JPG.rf.42c39dafd7e9d1c8338ceee812e06225.jpg,Simple cyst
1639.jpg,Clean
1271_JPG.rf.48d9091e97f5642d96f67167c627498f.jpg,Serous cystadenoma
666_JPG.rf.e9a99e90842992d967f98f1a5290b06d.jpg,Serous cystadenoma
1240_JPG.rf.c72bbd59ec8f31e28dcbe49023caa3d9.jpg,Teratoma
468_JPG.rf.466ac5c4727ecffdad8f4361d9c7a6ec.jpg,Mucinous cystadenoma
653_JPG.rf.23670ed0f6c08b39c70b7ada8b5bf909.jpg,Teratoma
1577.jpg,Clean
418_JPG.rf.450c10da56dde954f0fabc8e5224f967.jpg,Serous cystadenoma
556_JPG.rf.26184119d5333711fca22ffaa4c62d5c.jpg,Teratoma
215_JPG.rf.fa47ee07347a121e52589eac96e9f417.jpg,Mucinous cystadenoma
29_JPG.rf.2ed1ce4e245a76a3cce3dae6f16428bc.jpg,Chocolate cyst
692_JPG.rf.b6a624690d43d4bfbc4cf9e875de0fe9.jpg,Mucinous cystadenoma
259_JPG.rf.0b831024b45fb9a22d45658bd69b2063.jpg,Teratoma
1097_JPG.rf.a94c2f75438c058b76a3037fd81adfe4.jpg,Teratoma
1256_JPG.rf.e3d9798aa086ba716cbd21321c4fb38c.jpg,Serous cystadenoma
224_JPG.rf.b3a4523366bb7db4200c1c2d5662b121.jpg,Mucinous cystadenoma
1162_JPG.rf.495095d768ff6adf2662061b56f52bc8.jpg,Chocolate cyst
846_JPG.rf.52c7ef14db95674a781ff1d1c6c6039e.jpg,Teratoma
228_JPG.rf.322468e64e31a866f9602c503757b82e.jpg,Mucinous cystadenoma
694_JPG.rf.fbc18f3d3b76f4344b5af602f46e79cb.jpg,Mucinous cystadenoma
1417_JPG.rf.0494b4770a6f60caa0f1cbbba162c9e1.jpg,High grade serous cystadenocarcinoma
1241_JPG.rf.4ca04ca7dd58dda3b0c29018c5d5cc7c.jpg,Teratoma
644_JPG.rf.00b245204af62a76073a4f4676b55e0d.jpg,Chocolate cyst
73_JPG.rf.e485f580ed82817b0c94285eee690cb9.jpg,Simple cyst
1666.jpg,Clean
764_JPG.rf.70d76b456a8973d416d26da4fe2ce924.jpg,Teratoma
1250_JPG.rf.56f07135035ea2c27c26f7f9026d23f9.jpg,Chocolate cyst
853_JPG.rf.a580033a81966510d0d5e12236c22d89.jpg,Mucinous cystadenoma
308_JPG.rf.90625245e70a1012bc89280aa2c256d0.jpg,Teratoma
948_JPG.rf.481bf4ca787f572e7acfea397a410091.jpg,Teratoma
288_JPG.rf.6c8588c6bf46a2d1829cb09aca5a57b6.jpg,Teratoma
213_JPG.rf.301a26d2f4d673b1769610383254689a.jpg,Mucinous cystadenoma
171_JPG.rf.ae981b752a3248bae60a1b6f2451e3c2.jpg,Teratoma
1252_JPG.rf.243a0bd1d5e91e2539b6d90f61941a7a.jpg,Chocolate cyst
1195_JPG.rf.c11fd0de3ee328d00394fe4811a7e620.jpg,Mucinous cystadenoma
1527.jpg,Polycystic ovary syndrome
248_JPG.rf.944a4d11dfda345d1bfd2a1ab1b27701.jpg,Serous cystadenoma
41_JPG.rf.a45a1c71f295eed901d24af58f5e827f.jpg,Chocolate cyst
900_JPG.rf.9cce0f9de89452a9559fe61b57419220.jpg,Chocolate cyst
132_JPG.rf.aedf06aaf488354b7fbbecbdb2072d87.jpg,Serous cystadenoma
38_JPG.rf.3bca45a24e52687e88eecac679d3c919.jpg,Chocolate cyst
745_JPG.rf.e76b8e9ab208003efa885d0e76963b87.jpg,Teratoma
1576.jpg,Clean
1464_JPG.rf.a887155692d43a4bd031e3230992a408.jpg,High grade serous cystadenocarcinoma
1617.jpg,Clean
636_JPG.rf.a9778b0a321d7f4896a08a8409679ee8.jpg,Teratoma
616_JPG.rf.3bbbe164cbcd0252b5fe2ea386fd9377.jpg,Serous cystadenoma
26_JPG.rf.03e5c52a16866760138c1b5d39418aca.jpg,Mucinous cystadenoma
1084_JPG.rf.de51d2b401d989284b5210d9ad271f57.jpg,Teratoma
1328_JPG.rf.82f5ea639f381e028038b5bbc8fb492f.jpg,Chocolate cyst
1223_JPG.rf.ddce3bf575b0b26782b60c4b82581b76.jpg,Teratoma
1462_JPG.rf.9fd85b0f368e5a364e76bd3070ba2e4d.jpg,High grade serous cystadenocarcinoma
470_JPG.rf.abf85a3dabc6f3165a04036996bcf283.jpg,Simple cyst
674_JPG.rf.e869ae8a581102e55a2ea965f8f0a844.jpg,Chocolate cyst
1508.jpg,Polycystic ovary syndrome
493_JPG.rf.1db8d133826dcd61ca0543fa6adef0f4.jpg,Mucinous cystadenoma
950_JPG.rf.2cbe27b78b1b7eba6c0adceb8bbb1ad7.jpg,Teratoma
933_JPG.rf.d1b912ba8593e1254338e47c6e0ee8a3.jpg,Teratoma
1521.jpg,Polycystic ovary syndrome
601_JPG.rf.6d81eec0c3090ac7253d54b6a438376d.jpg,Simple cyst
338_JPG.rf.e7135b3a5c45b6d61aba7cc4330b812b.jpg,Serous cystadenoma
1633.jpg,Clean
306_JPG.rf.6478d24721432851e67eaa524d62aa0b.jpg,Teratoma
589_JPG.rf.d0c1ed19037669e3afa570c041540c46.jpg,Simple cyst
511_JPG.rf.fcdadd475316fe98ce8bbd677a5ec151.jpg,Teratoma
1211_JPG.rf.28a3486d5c6ffe0d3885b70fe7babecf.jpg,Chocolate cyst
233_JPG.rf.5efa68f3dd24263791ac07facafbc90e.jpg,Teratoma
20_JPG.rf.a0d8c8d3a7e03e4c985728caf239bb96.jpg,Mucinous cystadenoma
1528.jpg,Polycystic ovary syndrome
1157_JPG.rf.82a0d826dca2e30211e020b5f65f2f6b.jpg,Teratoma
425_JPG.rf.6daef4fe98ae3b1b34c13e9d15d44e71.jpg,Serous cystadenoma
1128_JPG.rf.c5949b7343681b5d933a9870605b0eee.jpg,Serous cystadenoma
772_JPG.rf.9c0e5775c1a8bb7e7053c60a9fb72571.jpg,Serous cystadenoma
61_JPG.rf.8844da2df451343fe4a2c4c5ac4e9649.jpg,Serous cystadenoma
346_JPG.rf.047f6f6a8856653d316a860ca5070e8f.jpg,Serous cystadenoma
1412_JPG.rf.c9a87b61891e99e641af7b8bb41c038f.jpg,Serous cystadenoma
1631.jpg,Clean
352_JPG.rf.dc803625caff6f156e9155d43568b350.jpg,Theca cell tumor
1347_JPG.rf.5f3677b06aa008795ce7287cd0e2c663.jpg,Chocolate cyst
902_JPG.rf.115b80da5c82f2ff790404d3ca4401fa.jpg,Chocolate cyst
472_JPG.rf.feaf400339a2e84e936c32b9713a5d62.jpg,Serous cystadenoma
1563.jpg,Polycystic ovary syndrome
36_JPG.rf.2c6700e65f9f489dc6ebfd1922d8a942.jpg,Chocolate cyst
951_JPG.rf.6f63adefca6ac75b31801dece8ac9bfb.jpg,Teratoma
1519.jpg,Polycystic ovary syndrome
859_JPG.rf.44dabd86846ac84fd4329e39dcd90bc1.jpg,Teratoma
1194_JPG.rf.f5b10a9cd25ad4f3d935185052922f71.jpg,Mucinous cystadenoma
1248_JPG.rf.b513b548d0b32df4a4ed3e953aef5363.jpg,Chocolate cyst
725_JPG.rf.4b2beaa7d5d5d471c697e0e129b00fe9.jpg,Teratoma
1385_JPG.rf.74ed5de11aa87a7298626b23a65eb5d4.jpg,Serous cystadenoma
894_JPG.rf.f1ec5168e8e26055f1cad23bd480285e.jpg,Serous cystadenoma
954_JPG.rf.a3780dc612c35ded2427b587b1b76c27.jpg,Simple cyst
254_JPG.rf.15869bc27201a11f9cf328837c9b96d3.jpg,Serous cystadenoma
604_JPG.rf.b5a40b4189b469f52c4f4736cf3f6521.jpg,Mucinous cystadenoma
505_JPG.rf.8edeb0d31986669c09535534047c8e60.jpg,Teratoma
874_JPG.rf.ea7f9f4933e1be9a34d5f38c4f1ebf87.jpg,Serous cystadenoma
992_JPG.rf.f8b73dd248b266a9bb399a66934f881e.jpg,Teratoma
1648.jpg,Clean
944_JPG.rf.787b2658488cae69a51be0e338ffb8e7.jpg,Teratoma
554_JPG.rf.10c6efc3815974d05aaf64dab85c1342.jpg,Teratoma
485_JPG.rf.abd0bf466c16bf71429b917d991fed41.jpg,Teratoma
539_JPG.rf.c9c57639243a0e9c8106bcee31e53b08.jpg,Chocolate cyst
77_JPG.rf.4ea43af291277bfaba23b900aa8a25e1.jpg,Mucinous cystadenoma
1584.jpg,Clean
1530.jpg,Polycystic ovary syndrome
667_JPG.rf.7a8051e0122c605d9d682ae4c02ac923.jpg,Serous cystadenoma
1080_JPG.rf.d43558c468e135ce3a4426908ebd1706.jpg,Teratoma
1452_JPG.rf.bcec1d086c9976cde84595bc1e9973bb.jpg,High grade serous cystadenocarcinoma
797_JPG.rf.319c4a291cbdfafdc0fd2456814fc5df.jpg,Chocolate cyst
147_JPG.rf.62782ad7644a9758d2d00f95f189d54b.jpg,Theca cell tumor
548_JPG.rf.e66bb66d591c7cba671e50c362901076.jpg,Serous cystadenoma
778_JPG.rf.13b140fd3853c14ec73ee6a52ca000b1.jpg,Chocolate cyst
781_JPG.rf.5bf010da9af89f33037f561547c16131.jpg,Chocolate cyst
1612.jpg,Clean
94_JPG.rf.6ab63c22586a9d78e0bbcbe87bea58be.jpg,Serous cystadenoma
1106_JPG.rf.8c523586f2556af42fa293f568e49af3.jpg,Teratoma
1329_JPG.rf.fb36238b93450ac3134ac8b78a35ad8f.jpg,Chocolate cyst
1611.jpg,Clean
982_JPG.rf.899eba0b57981e08fe36e07cece76ddd.jpg,Theca cell tumor
656_JPG.rf.6ce17ae5d1e62bb28b791111e8a053c2.jpg,Teratoma
1370_JPG.rf.56eaba1c1d73f9f957d0e87fe3721649.jpg,Chocolate cyst
1377_JPG.rf.cd2bf580c90aefe23ab657da9a3dd7e4.jpg,Serous cystadenoma
1560.jpg,Polycystic ovary syndrome
13_JPG.rf.00f40ca0ff4beb7b7c6fb0fd0787e89c.jpg,Chocolate cyst
512_JPG.rf.e13c2437c657bfeb4b7be4333f45b193.jpg,Teratoma
1506.jpg,Polycystic ovary syndrome
732_JPG.rf.0f469f81bcbbe1211c980df6761f827e.jpg,Chocolate cyst
42_JPG.rf.e5b085d769c41e9c32af5818b5d81c92.jpg,Simple cyst
1099_JPG.rf.4d3e6909d47a3be234b7c9bd91db4218.jpg,Simple cyst
220_JPG.rf.a83ce4f542cdeb85ac9ce302f0588c5f.jpg,Chocolate cyst
547_JPG.rf.b38dd9288fe05f0c1ffd2a815b88c813.jpg,Serous cystadenoma
753_JPG.rf.6e4c7173654487d5a5da9f0e78d0f024.jpg,Teratoma
1091_JPG.rf.c369d8806023a48dc05e3490455212d4.jpg,Chocolate cyst
341_JPG.rf.af369ac5d2a756a4bca2c283fe1f58de.jpg,Serous cystadenoma
1312_JPG.rf.c5aad6759bce56486f395cee2461d22f.jpg,Teratoma
563_JPG.rf.9a8a0cdc900faea09b6f78e2572857a4.jpg,Serous cystadenoma
896_JPG.rf.df1642132a788d8a3685de047706b967.jpg,Mucinous cystadenoma
722_JPG.rf.791538d24db5de2f2658b88075c114d3.jpg,Chocolate cyst
1585.jpg,Clean
873_JPG.rf.e432c1e815ff10c9bda31119c9a10fdd.jpg,Teratoma
895_JPG.rf.39ff33b25ed1fade4f75dc9d873008ca.jpg,Mucinous cystadenoma
1511.jpg,Polycystic ovary syndrome
1109_JPG.rf.e91c1a7cae51eefa08c6bf5863e46dec.jpg,Teratoma
1641.jpg,Clean
209_JPG.rf.a583114ba1de61b14624866cc23a756e.jpg,Chocolate cyst
1164_JPG.rf.83e8e33515eabb4881fc1c8ca56b3633.jpg,Chocolate cyst
1378_JPG.rf.9f6c3c407f375363b8e60bcd0210ecd3.jpg,Serous cystadenoma
330_JPG.rf.b3afc2a4f79679ceda5c4533475aeeb1.jpg,Chocolate cyst
1351_JPG.rf.7b5688124ee33e736233ed8969f26fcd.jpg,Chocolate cyst
415_JPG.rf.8a788610c73be89aec16a1e62a9c0368.jpg,Serous cystadenoma
1589.jpg,Clean
17_JPG.rf.508f3f90bf3ba63e308f0728a4dde16b.jpg,Chocolate cyst
684_JPG.rf.89a7a97669a41b604528f386bf19f811.jpg,Simple cyst
395_JPG.rf.042583623df554ad0ec988134fe77f0b.jpg,Chocolate cyst
1006_JPG.rf.84dc605a7bf50ffda7ed1480662c68d1.jpg,Chocolate cyst
786_JPG.rf.8140f4747c4a5a35516214ecc3359f2a.jpg,Mucinous cystadenoma
1509.jpg,Polycystic ovary syndrome
1272_JPG.rf.170f1c5bbde982c4af5e557d4644fef7.jpg,Serous cystadenoma
1205_JPG.rf.1f2c14be5190d4c3fc7c20e85b45cf45.jpg,Chocolate cyst
1174_JPG.rf.ab6bb8a8a4bbf9decf98f81ece0d334d.jpg,Mucinous cystadenoma
296_JPG.rf.2c6417b7687620832a848eeee29d1016.jpg,Serous cystadenoma
236_JPG.rf.fd131df62c31f8b67d0639560a18d3f4.jpg,Teratoma
1637.jpg,Clean
108_JPG.rf.03c6c987c61768e7c25476515b098265.jpg,Simple cyst
1093_JPG.rf.2005ef7d17ae8e15f71f7070d61843ef.jpg,Chocolate cyst
986_JPG.rf.b02018f718774288c4f460da661b75d3.jpg,Theca cell tumor
697_JPG.rf.6b7c826e93cb29860dc433bcac02b24f.jpg,Mucinous cystadenoma
993_JPG.rf.0aad9ba51040f8f6ed578a09eb38e750.jpg,Chocolate cyst
24_JPG.rf.fc1bccaaca7b752ae9046d8a5b457cba.jpg,Mucinous cystadenoma
455_JPG.rf.ce1fbc30b59f625d08f76dd92e1d66c5.jpg,Serous cystadenoma
949_JPG.rf.5e3b4402d435586db216f9faa8464440.jpg,Teratoma
1441_JPG.rf.99eb1755baa328efeae4ed9dbb9b4de9.jpg,High grade serous cystadenocarcinoma
1571.jpg,Clean
792_JPG.rf.f114028a3b9922df8fd57cf592c18a94.jpg,Chocolate cyst
1469.jpg,Polycystic ovary syndrome
420_JPG.rf.dd7c9f27d0c669758da6aa8ebd5b0609.jpg,Serous cystadenoma
571_JPG.rf.aa8d5beca62ae3e6d9d14f6eda087693.jpg,Serous cystadenoma
1261_JPG.rf.31bbe505d0ea21e87217a7c1b5d4ad0a.jpg,Teratoma
291_JPG.rf.0bc00e4c49b7ed7de7f9f27e7e4183d4.jpg,Chocolate cyst
1182_JPG.rf.f91771ef3dc8c04c8024523c574cad6e.jpg,Theca cell tumor
273_JPG.rf.403102f6bb6b2e0c04110b46e6b4b26a.jpg,Teratoma
1408_JPG.rf.daff2acc24d0f12c906d98e20865d53c.jpg,Teratoma
1419_JPG.rf.6cdd82a599a1aa13697d5d59c97a302d.jpg,High grade serous cystadenocarcinoma
100_JPG.rf.5a934f23c4b5d2f20d1a2b4d908b1c12.jpg,Serous cystadenoma
1287_JPG.rf.d4b2977d74fd2933e9a40e0453b508ef.jpg,Chocolate cyst
68_JPG.rf.4a42a321db48ebff7688e341ae630fdc.jpg,Teratoma
1500.jpg,Polycystic ovary syndrome
358_JPG.rf.9b1b534b5163e442efa5da45f3c4f163.jpg,Theca cell tumor
904_JPG.rf.ee6287ecad11e76322f9f719299817b2.jpg,Teratoma
90_JPG.rf.e5fb206b6d9db6b3bd6d3ac3f29c2e08.jpg,Serous cystadenoma
577_JPG.rf.a6360104eac6dd8a7f05b3acfec9b154.jpg,Chocolate cyst
1299_JPG.rf.a94221674e0f9086f655631fcd3168af.jpg,Theca cell tumor
199_JPG.rf.72c102ffe03bfd288682d84730b0dcc7.jpg,Chocolate cyst
78_JPG.rf.eb7f05b673ffaec690295db2f7a668e6.jpg,Mucinous cystadenoma
1494.jpg,Polycystic ovary syndrome
1668.jpg,Clean
1030_JPG.rf.971fcbbbb6802b5e92b90b72584d74fe.jpg,Chocolate cyst
757_JPG.rf.46cb609b56911a19edb967436d228a46.jpg,Serous cystadenoma
593_JPG.rf.7468b6a5f02d8f28097cb1efc9787f82.jpg,Serous cystadenoma
912_JPG.rf.62aa8aa98a1af6405be9709a18844150.jpg,Chocolate cyst
251_JPG.rf.cf34f6ea60fa6cae28cf976c9b805ff4.jpg,Serous cystadenoma
345_JPG.rf.ea6042ad67121c92ac1e6a9e4fe72078.jpg,Serous cystadenoma
1456_JPG.rf.489bdeb40459291c25ef313f9478f29d.jpg,High grade serous cystadenocarcinoma
1153_JPG.rf.3740f4035d27cc4712f89a4e225aaa80.jpg,Teratoma
310_JPG.rf.a2a64b7303744ac342eced964be24335.jpg,Teratoma
640_JPG.rf.3f1ea5ac558f3c63750fdae25e91b9fa.jpg,Chocolate cyst
1622.jpg,Clean
736_JPG.rf.ff5c05e10c38b63ca388b74b50c1efdd.jpg,Teratoma
150_JPG.rf.8594874219f1934ca2799bb55a03b99d.jpg,Theca cell tumor
826_JPG.rf.ff75d26f893a93e5379be901da41d4e9.jpg,Chocolate cyst
1650.jpg,Clean
1048_JPG.rf.1cf0f02c001216a537bd91b41c598131.jpg,Chocolate cyst
977_JPG.rf.c4d59a3acd869a3ae9de12187ab19a78.jpg,Theca cell tumor
681_JPG.rf.3ce0028fa25a42f5eafa5bf2e146fee8.jpg,Simple cyst
821_JPG.rf.d98db24762b13c746f95ab1a8b44657c.jpg,Serous cystadenoma
1290_JPG.rf.3801643cf2c795499a6674f50158002b.jpg,Serous cystadenoma
1466.jpg,Polycystic ovary syndrome
1176_JPG.rf.db4b2fd28370be177382ad5b06b5279e.jpg,Mucinous cystadenoma
1544.jpg,Polycystic ovary syndrome
164_JPG.rf.07a047619efc8e37cc31627d4730a058.jpg,Teratoma
1032_JPG.rf.da6305012d6a3b455dce15927f7683b4.jpg,Chocolate cyst
1086_JPG.rf.8d662099a825f9a5dd6c67e6dd81dcf3.jpg,Teratoma
149_JPG.rf.31c348c6fbb34ab528c0790ae2e9c70c.jpg,Serous cystadenoma
623_JPG.rf.b30e8f70b21ed3e2a228e76da5ab6ed2.jpg,Theca cell tumor
967_JPG.rf.ac5b017c4074e2672a580c1e8853f5a9.jpg,Serous cystadenoma
1461_JPG.rf.ecea180b5bad8cd23ba8e77487ef320f.jpg,High grade serous cystadenocarcinoma
1224_JPG.rf.feb14d32b1671a39cce0fb3e3bac5d41.jpg,Teratoma
57_JPG.rf.144ca7e5b01942576ce776d70789d3e1.jpg,Teratoma
780_JPG.rf.f330303e9b15f84f665a388756b839e8.jpg,Chocolate cyst
1027_JPG.rf.a79f0fc68058ef9b2645f1c375555919.jpg,Chocolate cyst
1087_JPG.rf.ebe28a1db372116e0a1d9f18d10fbc1e.jpg,Teratoma
152_JPG.rf.1705a5377f5e38c3fb2457c6f53513e8.jpg,Theca cell tumor
852_JPG.rf.fb9b045e1299d56470246b449e3f4501.jpg,Simple cyst
1400_JPG.rf.abcf034b91dc4f15b0ac26fa88690e76.jpg,Teratoma
868_JPG.rf.a6472b68beb0fbc4ce52773f23b565b7.jpg,Chocolate cyst
125_JPG.rf.c165bf4dc2e7f0f501073e255e94e078.jpg,Teratoma
824_JPG.rf.0ab4caee2d0d556b16dde25e36c3b3da.jpg,Chocolate cyst
475_JPG.rf.3a2bdcd96c417a370c91f343734a255f.jpg,Teratoma
342_JPG.rf.23c8d33235425bc51fe05a9d61e280d5.jpg,Serous cystadenoma
851_JPG.rf.939c82341a59fa3a9b8fa7cbb55dfe23.jpg,Simple cyst
1070_JPG.rf.f36894ce455c84c391cf2d64864cb801.jpg,Teratoma
1208_JPG.rf.ebefdf7b6b69a442b23fcdddd96d9463.jpg,Chocolate cyst
1073_JPG.rf.bf39c04d84bb1f007d7a7244e9deb02b.jpg,Teratoma
1133_JPG.rf.79d876c82f9523b438f81b877a7fa675.jpg,Theca cell tumor
46_JPG.rf.c302c2760b4faff03b6f380d1b3c13a9.jpg,Teratoma
447_JPG.rf.772787612393f50d7ada242b893296e2.jpg,Chocolate cyst
1486.jpg,Polycystic ovary syndrome
1265_JPG.rf.309dabb189b994db1319af50d82a7171.jpg,Chocolate cyst
1145_JPG.rf.9501a706045b799c8d1434bc3cd982e0.jpg,Chocolate cyst
1012_JPG.rf.4659d6950034425450c9361e90c15703.jpg,Simple cyst
261_JPG.rf.9bcb7828ef3c4373b66db33f8aa62344.jpg,Teratoma
117_JPG.rf.029213ce20fa9618cdff62e172498ae4.jpg,Serous cystadenoma
6_JPG.rf.9f5b67d18977113f6f39a9e9651f347f.jpg,Chocolate cyst
800_JPG.rf.72c1583eeb94e41ad8fa71e800ff4c91.jpg,Chocolate cyst
1282_JPG.rf.f5e24b5a6525baa11bcbd51503bc52e0.jpg,Chocolate cyst
748_JPG.rf.dacdc4132362f04db6be83f8371c67ff.jpg,Teratoma
52_JPG.rf.d5626647af3fac27687d6d1e25c25dcc.jpg,Teratoma
337_JPG.rf.ae8f478d15d3604403527dbe5a12bbed.jpg,Teratoma
1387_JPG.rf.db7d519ab489d67714c4cb46d4544157.jpg,Serous cystadenoma
1552.jpg,Polycystic ovary syndrome
586_JPG.rf.f3c94b5d8cfbcd6dd8abdeefcc750baa.jpg,Teratoma
1281_JPG.rf.c038a244bbcb145aa2fa1d98dd4ae517.jpg,Chocolate cyst
1095_JPG.rf.83aef2ccccf078f35329896757b62a66.jpg,Teratoma
1525.jpg,Polycystic ovary syndrome
378_JPG.rf.0f3721cefadcdd96fb41027eaf9baafa.jpg,Chocolate cyst
1362_JPG.rf.5860e65c33a96ebeaa4f35e67e7c134c.jpg,Chocolate cyst
387_JPG.rf.ed2749026c468abfdf2b8ae8ad81b0ae.jpg,Chocolate cyst
195_JPG.rf.95e7904e54004f53e5e6cc4650862a73.jpg,Chocolate cyst
751_JPG.rf.85e66645819ab900ae473853cc9dab97.jpg,Mucinous cystadenoma
50_JPG.rf.0ed7092aac1e68fa7b5ed489eaed2efd.jpg,Teratoma
1357_JPG.rf.e19e65ff278bbc753b2315e3020b8982.jpg,Serous cystadenoma
942_JPG.rf.39bfe0c242a835a5f3c88a4b5fd44060.jpg,Teratoma
1090_JPG.rf.d1cebf6bfca7efa00c1cf9b70e677d93.jpg,Mucinous cystadenoma
618_JPG.rf.ec2fabe3be62049373b6709bfa2df01b.jpg,Serous cystadenoma
1245_JPG.rf.83c090a626c12f4c80f75e2c89d0bd18.jpg,Chocolate cyst
848_JPG.rf.1da48a866c36264dee7ac57ddd246764.jpg,Serous cystadenoma
518_JPG.rf.b0a1885ba193e1acd3e800b615875807.jpg,Teratoma
680_JPG.rf.959093a8659e91b4db84f71504cbfd07.jpg,Chocolate cyst
392_JPG.rf.63c4363599fa3325a92119f27b31f7d8.jpg,Chocolate cyst
21_JPG.rf.b19eaa8f78448a88653adda3e55396ed.jpg,Mucinous cystadenoma
886_JPG.rf.5f7368f5a936ae9f89d10b7eff96db07.jpg,Chocolate cyst
35_JPG.rf.3d45dc3a86794f4e22139453e5125f0b.jpg,Chocolate cyst
1171_JPG.rf.7991471e8e92a7a343134732722e24ee.jpg,Chocolate cyst
1083_JPG.rf.c2994780eb2dbb5c63c7c54dcb90c0e5.jpg,Teratoma
1529.jpg,Polycystic ovary syndrome
534_JPG.rf.b97a3044244f6cd3876cd1fca9a44349.jpg,Teratoma
1191_JPG.rf.82508d06486825422f288ac2359d931c.jpg,Theca cell tumor
715_JPG.rf.1579f3b1424114923bb6baff503b3012.jpg,Chocolate cyst
990_JPG.rf.ae92c957f79b6ee7cc508a7396664de7.jpg,Teratoma
319_JPG.rf.1e1eba4eb009d37582b5933ee1ec3bab.jpg,Serous cystadenoma
1025_JPG.rf.b6ee730d792633ef1e7f17c4233a1e53.jpg,Chocolate cyst
642_JPG.rf.dc2f467f0eef1d5ad80f8000f0ab1b18.jpg,Chocolate cyst
200_JPG.rf.d6a7203a20f915e883be62caa13a9354.jpg,Chocolate cyst
1235_JPG.rf.df98b170b66e2163db2e91512ce8931d.jpg,Chocolate cyst
1116_JPG.rf.f3a8a9be44d3a8aa11fb86bba82f86e6.jpg,Serous cystadenoma
810_JPG.rf.5dc6a216ae211474e9e62b32d75e0461.jpg,Teratoma
891_JPG.rf.e74b0ccd803f1ab0f0c835ea8938ed9c.jpg,Serous cystadenoma
746_JPG.rf.9e2ec5056c5c5c7e012da5e189f1f6ff.jpg,Teratoma
1606.jpg,Clean
19_JPG.rf.04139d66061ca32b3cd735da12dac760.jpg,Chocolate cyst
166_JPG.rf.d29d5f64c53ff51908d35b00c5610c82.jpg,Teratoma
1198_JPG.rf.e26e86db0024ab6b39194d9934941b8a.jpg,Chocolate cyst
1254_JPG.rf.7b11df391831a29eda54f356314b8c0c.jpg,Chocolate cyst
1644.jpg,Clean
253_JPG.rf.8e02393981c0e4c29413e06e62e1f50a.jpg,Serous cystadenoma
1265_JPG.rf.309dabb189b994db1319af50d82a7171.jpg,Chocolate cyst
1638.jpg,Clean
785_JPG.rf.bccdd9a919e41842e6eb68d83cebc52a.jpg,Simple cyst
237_JPG.rf.932623f6767dfcb298157c1e9d2efede.jpg,Teratoma
375_JPG.rf.4f5ec59d4880b32c8724fcbdebff034b.jpg,Chocolate cyst
654_JPG.rf.3e25e1b8bf134b5e7c15f13ed00f00b9.jpg,Teratoma
1487.jpg,Polycystic ovary syndrome
1453_JPG.rf.9899e783f51f3c683f09c45a5ba6eb13.jpg,High grade serous cystadenocarcinoma
1439_JPG.rf.59797cbe9b53195e0068bf971c684a58.jpg,High grade serous cystadenocarcinoma
693_JPG.rf.393d9cf754eb1fca4e841fa136c57145.jpg,Mucinous cystadenoma
1373_JPG.rf.e0656280695fd7dae468fb05b1f0fd81.jpg,Teratoma
626_JPG.rf.aa1de7ae01e00fe8a83b974e101a0e92.jpg,Theca cell tumor
207_JPG.rf.8e16e87b17e68b5de4fee84b19000d79.jpg,Chocolate cyst
18_JPG.rf.b1d98c09ca2dea7b93cda8ef2dadff67.jpg,Chocolate cyst
1376_JPG.rf.b6472dcbf1e977f37710003360e6f0d8.jpg,Simple cyst
724_JPG.rf.a91e9cd711295a10f28d22e92ede22a1.jpg,Chocolate cyst
854_JPG.rf.96764bba209d2408d12c4f8d07033120.jpg,Mucinous cystadenoma
1429_JPG.rf.bc7acbe6a1bb5c2776a59574009b4b08.jpg,High grade serous cystadenocarcinoma
1300_JPG.rf.283904623937ac97cf492bfb465727e2.jpg,Chocolate cyst
1454_JPG.rf.62774966aefe4327db7febfcafc9cfbb.jpg,High grade serous cystadenocarcinoma
1233_JPG.rf.2728bbed962a1cfc294a99e9e921cc41.jpg,Serous cystadenoma
1591.jpg,Clean
357_JPG.rf.76d327edeb1576bca20cdfd2a98aa54f.jpg,Theca cell tumor
1044_JPG.rf.e3b5dc9c9a24ea85bb283709700428d8.jpg,Teratoma
299_JPG.rf.f9b856a3ac3e000c75bc2d1cffaf6682.jpg,Mucinous cystadenoma
28_JPG.rf.5590c04d95425fda6cce3a4fa13a3588.jpg,Chocolate cyst
580_JPG.rf.ce8cd5ebb23a69e19a06f25132c79a2e.jpg,Chocolate cyst
1632.jpg,Clean
303_JPG.rf.80136a9f9bd1ec754f58d956dbd3955e.jpg,Serous cystadenoma
37_JPG.rf.b008997b8bee636f7199ddec7bc7de41.jpg,Chocolate cyst
976_JPG.rf.77d54b0a50735e032c4cc8117ea88265.jpg,Theca cell tumor
1344_JPG.rf.8088a4b6d8466b874e2db93c262dd9be.jpg,Chocolate cyst
617_JPG.rf.e14345ef8175453e1bb72e13b54866c3.jpg,Serous cystadenoma
1629.jpg,Clean
1646.jpg,Clean
893_JPG.rf.4be7cb027fdbe106096c555e218805e4.jpg,Serous cystadenoma
1561.jpg,Polycystic ovary syndrome
828_JPG.rf.9270ba91f30ad089d7e15944561fc10b.jpg,Serous cystadenoma
1490.jpg,Polycystic ovary syndrome
1449_JPG.rf.5d9f53e5996db513dc4078fe4fa4b683.jpg,High grade serous cystadenocarcinoma
1547.jpg,Polycystic ovary syndrome
1047_JPG.rf.3a27a73f10d04b88d4ac85946a001dd3.jpg,Chocolate cyst
211_JPG.rf.6337d418f994504f95dd8c8d82437c70.jpg,Mucinous cystadenoma
1230_JPG.rf.e781436e6937a6405436d2bca88e5824.jpg,Serous cystadenoma
1072_JPG.rf.be2197f1f6c0e1d52e64e2db7bc83291.jpg,Teratoma
1480.jpg,Polycystic ovary syndrome
1146_JPG.rf.3e19dd9852f7a11d2028dfdb1aa722ad.jpg,Chocolate cyst
1184_JPG.rf.608447688c7f21f9be8c88881f2f33f4.jpg,Theca cell tumor
198_JPG.rf.0c16d477bd6f8ba7ca7f258395d082ff.jpg,Chocolate cyst
1556.jpg,Polycystic ovary syndrome
678_JPG.rf.ac7b10cdf01f89a06a5512b6d2a891c9.jpg,Chocolate cyst
1455_JPG.rf.c39143616f6c3a068d84f12352d50bdc.jpg,High grade serous cystadenocarcinoma
118_JPG.rf.57fd0e9d1d652f8cc996a31cc08e747d.jpg,Serous cystadenoma
763_JPG.rf.b42fefd60d7b47b8232e347a112675cf.jpg,Teratoma
1517.jpg,Polycystic ovary syndrome
53_JPG.rf.f05ae5cb277678899db14bb65d05c93c.jpg,Teratoma
197_JPG.rf.084986da5e97b7d575207adf027af04d.jpg,Chocolate cyst
526_JPG.rf.6de896acaf777347aa6756712c61d571.jpg,Teratoma
279_JPG.rf.3d99a7f1b7d0b37d640ee660cf44af72.jpg,Mucinous cystadenoma
1597.jpg,Clean
1443_JPG.rf.4267e4e6b24cc03f4f5c96a91135a149.jpg,High grade serous cystadenocarcinoma
10_JPG.rf.c516b21a667bed8889b7a3e0a8b08fb2.jpg,Chocolate cyst
1293_JPG.rf.e1986456e69ffc7624009a7e60808806.jpg,Serous cystadenoma
1361_JPG.rf.49785fbc3fa20eb44d0ebc7e0d1367e5.jpg,Chocolate cyst
599_JPG.rf.c1f648c396078677404a3191ed10c5e2.jpg,Simple cyst
327_JPG.rf.1c8f24f81f98490c0b60e3212ba7bb1b.jpg,Chocolate cyst
1165_JPG.rf.a73c98418b53351acbb255b9cdf8f0e1.jpg,Chocolate cyst
1502.jpg,Polycystic ovary syndrome
1149_JPG.rf.64a82ad423e5b062f0cdf6d4362e682c.jpg,Theca cell tumor
1595.jpg,Clean
804_JPG.rf.1137acc517abcc05092bc4515978428b.jpg,Chocolate cyst
443_JPG.rf.4f8a969fe83aa00c7ad0e7546ca34f7b.jpg,Teratoma
1482.jpg,Polycystic ovary syndrome
336_JPG.rf.09287b1ed72165314e8a60c49439f77c.jpg,Teratoma
196_JPG.rf.94c53799a06f13837a46eb90bfaa980c.jpg,Chocolate cyst
622_JPG.rf.fbc7e9cefcd28d1afa7fdedc51793e80.jpg,Theca cell tumor
829_JPG.rf.d38a2d1c1f160288f48cf2f0d112ca0c.jpg,Serous cystadenoma
1657.jpg,Clean
1592.jpg,Clean
728_JPG.rf.a6bc6d0ac2527cca4c13e551ce484b99.jpg,Serous cystadenoma
1199_JPG.rf.d130ed162a8f56d0de3d5eb98ee51162.jpg,Chocolate cyst
641_JPG.rf.dedb67dc9041c25bcf8b324daeb9b318.jpg,Chocolate cyst
1540.jpg,Polycystic ovary syndrome
191_JPG.rf.7e92b7f52f220e18e10227890ba0323b.jpg,Chocolate cyst
525_JPG.rf.49f194b5e2be9cacfdff37e67bc03ecf.jpg,Teratoma
1228_JPG.rf.e1f8506ce41955acf40e1a1d0adfeb6c.jpg,Teratoma
1587.jpg,Clean
856_JPG.rf.02f9267af553eaceed6227e0fcd07ead.jpg,Teratoma
611_JPG.rf.7325fa762bcb8f90b23d9d13c498b55b.jpg,Theca cell tumor
249_JPG.rf.195a915278bfa7bf399bbe78237a2a8f.jpg,Serous cystadenoma
1468.jpg,Polycystic ovary syndrome
787_JPG.rf.0a3e285817735d09153f593b93f3353d.jpg,Mucinous cystadenoma
188_JPG.rf.994cd86834fc221a2af7b3b7aa34c8ee.jpg,Chocolate cyst
978_JPG.rf.3075ecc61b716327009255bc6f69f503.jpg,Theca cell tumor
1255_JPG.rf.b6aada7116dc681e2399df96effdcce8.jpg,Serous cystadenoma
263_JPG.rf.56c3e338830f52b8355244eb77b3969a.jpg,Teratoma
1152_JPG.rf.a5fa3abb2842be181d9027ab98898e5f.jpg,Theca cell tumor
353_JPG.rf.77d5f5d0d250001586d83ccf78b93bc6.jpg,Theca cell tumor
367_JPG.rf.e70d76d4268319402483c3adf01114ae.jpg,Theca cell tumor
1548.jpg,Polycystic ovary syndrome
519_JPG.rf.6826056854c6a8a9ee2d0a374a8e7f1f.jpg,Teratoma
160_JPG.rf.090a1c0cff1129343056643861103718.jpg,Chocolate cyst
272_JPG.rf.f0100f11876916e140bc6e3a1f66af05.jpg,Teratoma
1092_JPG.rf.3aac538f173e39f57ddd7a35d325d4a8.jpg,Chocolate cyst
320_JPG.rf.8b4d169d4b184172fb6f4b7c51abeb67.jpg,Serous cystadenoma
1602.jpg,Clean
1590.jpg,Clean
1474.jpg,Polycystic ovary syndrome
494_JPG.rf.2e58537450acd4340ea36cac3dd8207f.jpg,Mucinous cystadenoma
1117_JPG.rf.7daa7fd64e1d509e5f6799283eca0917.jpg,Serous cystadenoma
293_JPG.rf.64c3f476b7eb413b1a38b288ce71622b.jpg,Chocolate cyst
830_JPG.rf.dae9f54203dc72aac0a196dfc3ef7672.jpg,Mucinous cystadenoma
3_JPG.rf.d5e017242b349b48c512ee3aeee85534.jpg,Simple cyst
139_JPG.rf.569aaafa73c30077313c98008aafa7be.jpg,Serous cystadenoma
907_JPG.rf.393a25a11cf79bea606c3035a9e4dae0.jpg,Chocolate cyst
1609.jpg,Clean
1225_JPG.rf.2cf8e6a6b5f10f1eb6bb471262177baa.jpg,Teratoma
1510.jpg,Polycystic ovary syndrome
1538.jpg,Polycystic ovary syndrome
584_JPG.rf.f5f53e98a9cbf2f349d08b6d184843cb.jpg,Teratoma
1457_JPG.rf.2c7d8d039c42e2937690213c8fc38608.jpg,High grade serous cystadenocarcinoma
860_JPG.rf.7613b049a106494e65a4755e76ac41b7.jpg,Teratoma
1555.jpg,Polycystic ovary syndrome
391_JPG.rf.fde937ce7b5c665307cd1cab8a1eef34.jpg,Chocolate cyst
840_JPG.rf.a36c588f94591e8016e8c895aa3b12fd.jpg,Teratoma
920_JPG.rf.bbd80ccca58f791fc9d16ee9ed260966.jpg,Mucinous cystadenoma
1246_JPG.rf.9a3a11fb2e3550f9827d1aa847999c85.jpg,Chocolate cyst
812_JPG.rf.4bb3303ae4b05cf333cdbca25b087516.jpg,Teratoma
820_JPG.rf.e891e8fda42b3a6a7d5adb6b40e4f9b5.jpg,Chocolate cyst
1636.jpg,Clean
1566.jpg,Polycystic ovary syndrome
1042_JPG.rf.3ef00a1d13d2a0363a9a27efcb190b63.jpg,Teratoma
835_JPG.rf.132e3b640046fd0918967a86842c6172.jpg,Theca cell tumor
1291_JPG.rf.181c1f5973eda4c3879f62d24dbe7cd4.jpg,Serous cystadenoma
733_JPG.rf.dc1bea155d85e410889aa203477b4558.jpg,Chocolate cyst
882_JPG.rf.1d7f4942e0c35925ee71163d33c5901d.jpg,Chocolate cyst
754_JPG.rf.3ae02f912a281b5583f42dfeb2243025.jpg,Teratoma
1430_JPG.rf.6ea15fe8456dd5e4da91d3866d9fcdd1.jpg,High grade serous cystadenocarcinoma
1504.jpg,Polycystic ovary syndrome
700_JPG.rf.2ea7322087762e022842c39e76cca045.jpg,Mucinous cystadenoma
1358_JPG.rf.4f3ff3b53306c5d29d15615986514113.jpg,Serous cystadenoma
718_JPG.rf.dc8728ad4ad8de0d6a225ae4edc8d557.jpg,Chocolate cyst
1515.jpg,Polycystic ovary syndrome
975_JPG.rf.725f3cd66d6a46b4b77a857080778a2a.jpg,Chocolate cyst
1569.jpg,Polycystic ovary syndrome
637_JPG.rf.629e82e262179d0bf7b9f28d7b3c4064.jpg,Teratoma
102_JPG.rf.44e4dfcf0ebf2952dd35a4ad7c1fbcb3.jpg,Serous cystadenoma
1301_JPG.rf.a2844482afd87416d9b5a8bd54e72539.jpg,Teratoma
740_JPG.rf.7ae2f5abae38a931f104d7bdfb4f23ba.jpg,Teratoma
969_JPG.rf.5b7c3ad0a45aa3cfb71587b3993c8ade.jpg,Teratoma
1129_JPG.rf.4fc9002cc75ee823af4ecc11a3cace44.jpg,Serous cystadenoma
1160_JPG.rf.04191e1165a8d0290d7d0bc9a475e60e.jpg,Chocolate cyst
1332_JPG.rf.6150bc3d1370d4c3f8b6a28ab828463c.jpg,Teratoma
278_JPG.rf.4e8b774d62f523e2e7b6fc5812c55bff.jpg,Mucinous cystadenoma
504_JPG.rf.7afe6ff33c887cfa39745a732a8832af.jpg,Teratoma
1041_JPG.rf.c32883c1ef3e3482153fdd62990ecfc2.jpg,Serous cystadenoma
1139_JPG.rf.ea68551aea4f5aa8ab97b4f29301df3e.jpg,Chocolate cyst
513_JPG.rf.6408eddbb1ad34395a6540fa330dc06f.jpg,Teratoma
1000_JPG.rf.0b6c1390e417b34587f09839cb481c4a.jpg,Teratoma
1661.jpg,Clean
1320_JPG.rf.377f46f31a2cc8d712ddbc014f51c206.jpg,Mucinous cystadenoma
832_JPG.rf.520ae00a9c329ca91d99b753aeef8407.jpg,Mucinous cystadenoma
793_JPG.rf.5da93f43c11f36012ac08a2c713b140f.jpg,Mucinous cystadenoma
1234_JPG.rf.c901790fa2fda05baab35739ca4b0d9f.jpg,Chocolate cyst
941_JPG.rf.ea13b25f94520a06a96b41aa68ee5742.jpg,Teratoma
885_JPG.rf.2a1d82f87d51b487c097c11268e93f1f.jpg,Chocolate cyst
105_JPG.rf.2b1b2f180a062c9562a2be8a3a3dbb1b.jpg,Serous cystadenoma
1051_JPG.rf.c330a27e39db8ad4d3b36505286f7bd1.jpg,Serous cystadenoma
533_JPG.rf.0d6401538bc10f41cbcbf08f5c14487b.jpg,Teratoma
669_JPG.rf.fde99fc8827a0f8698659db8b6888b92.jpg,Simple cyst
1375_JPG.rf.7a3660049ad84507033738e84f13aa6d.jpg,Simple cyst
1355_JPG.rf.33b1b1a771db05f59f4831e58d12e3f5.jpg,Serous cystadenoma
1200_JPG.rf.a8be1e30b95a0fb6b44c242d513e0ae7.jpg,Chocolate cyst
1020_JPG.rf.b44212ca4d840fefc8a50648c8fc6e53.jpg,Teratoma
268_JPG.rf.dea7fd77a8971691d5c6628053c8942e.jpg,Teratoma
173_JPG.rf.98adaf1181a30f1f0e2a4f53cc9f3e85.jpg,Teratoma
1350_JPG.rf.b3ff7c7fbd41e622843fc5d07996ad70.jpg,Chocolate cyst
40_JPG.rf.b99c87a8d887f61c9b1193761ee00590.jpg,Chocolate cyst
1298_JPG.rf.84da1aea52c901b0b2dc994b33d34573.jpg,Theca cell tumor
304_JPG.rf.4198bf17f9798be8946e8c9c36a41397.jpg,Serous cystadenoma
488_JPG.rf.c58fead105f9b7264c840595b1256c46.jpg,Teratoma
362_JPG.rf.291aa08392e6f181743ea2e41ab35bc0.jpg,Theca cell tumor
553_JPG.rf.6db3d91b5b168b24528b68b82cd7c260.jpg,Teratoma
501_JPG.rf.87475820a5f4b8c85d3a20e8ab915a2b.jpg,Simple cyst
769_JPG.rf.dad0066b9a577427c3809a7a2720f2fe.jpg,Serous cystadenoma
1483.jpg,Polycystic ovary syndrome
1401_JPG.rf.bd6f4fbb6777f89cc9fb491641a72849.jpg,Teratoma
839_JPG.rf.b661562c43792424c2a3e36ea4babcdb.jpg,Theca cell tumor
1473.jpg,Polycystic ovary syndrome
696_JPG.rf.d9db56769995e9ea0c9cb4ab28ceccfb.jpg,Mucinous cystadenoma
64_JPG.rf.a69f14af9058d1bfe71163c1d8bae9e1.jpg,Serous cystadenoma
16_JPG.rf.563f02472e006062bbb20537e0c2be22.jpg,Chocolate cyst
1501.jpg,Polycystic ovary syndrome
1367_JPG.rf.4c1c2740791bdd5896783affb67cd103.jpg,Chocolate cyst
645_JPG.rf.2b6badc18d2a75a9a84b045f8a8b2550.jpg,Chocolate cyst
489_JPG.rf.2580c7937f65cd0bdb0407fe5fbb6432.jpg,Teratoma
250_JPG.rf.041efac14dc9d9a0dc25ba7e2fe55968.jpg,Serous cystadenoma
997_JPG.rf.a5e94e23858614f89fc3cc0fbd684177.jpg,Teratoma
290_JPG.rf.530bcb4a8ae6de001c7e798132c9dba0.jpg,Chocolate cyst
1036_JPG.rf.43e0c7e8ab645723b02cdce438a795c3.jpg,Chocolate cyst
1380_JPG.rf.4893be3333d998dfc77217a718c5e72b.jpg,Serous cystadenoma
1147_JPG.rf.b981376ad31cdfb2ae6605ef20a76481.jpg,Chocolate cyst
417_JPG.rf.e5f01954261e12fd26f02fc15560b61e.jpg,Serous cystadenoma
935_JPG.rf.f641b0a96aed69597ce00a9206d610d1.jpg,Teratoma
369_JPG.rf.9c63d5735cc40cab8859b541317ae248.jpg,Theca cell tumor
1296_JPG.rf.fc0b670c2b6e4b855470077625017528.jpg,Chocolate cyst
603_JPG.rf.f19efef8aa9ba5f7b5f8bb198e9fa0b0.jpg,Mucinous cystadenoma
1062_JPG.rf.7a42dc1de15c33be8fa8ce4ce92889f4.jpg,Chocolate cyst
343_JPG.rf.644ce9d45e5aa4dc9c7e7c571a24a485.jpg,Serous cystadenoma
1270_JPG.rf.ceff22f67ecaad86b0b808d921eb401e.jpg,Serous cystadenoma
269_JPG.rf.ff63c97b79a7061224e64adabdbe77d0.jpg,Teratoma
212_JPG.rf.ec6d4c11772970b0a84164e68e75b919.jpg,Mucinous cystadenoma
945_JPG.rf.b9f4f84b885911b76cc87411f57e5d02.jpg,Teratoma
524_JPG.rf.d3dc46d7da1024a94f6a805212775be7.jpg,Teratoma
911_JPG.rf.017fdbffc0cb2e16e9df094e1c252f58.jpg,Chocolate cyst
1450_JPG.rf.fcdaa9b3e4ffb97be89d8b3279edbda6.jpg,High grade serous cystadenocarcinoma
742_JPG.rf.06e6c64c4fef50f7869357f747a94e43.jpg,Teratoma
1304_JPG.rf.54495b83abcb584c466c4a0555202e92.jpg,Teratoma
1317_JPG.rf.cd751782cb9eaaa43faaed92fd3489a6.jpg,Mucinous cystadenoma
1424_JPG.rf.5e44990825d443dd3331c78b02c68657.jpg,High grade serous cystadenocarcinoma
277_JPG.rf.b84454f7d68e472d1243b96f5663edee.jpg,Mucinous cystadenoma
34_JPG.rf.91feaba16979bd7ff6eadf64a7810f40.jpg,Chocolate cyst
1016_JPG.rf.894414e29cc16648e3b2a2d20354d668.jpg,Teratoma
677_JPG.rf.e99ed4069d8b7722058fa592b17373b5.jpg,Chocolate cyst
1649.jpg,Clean
98_JPG.rf.1afd0f3240f44843d69eefe8061278ea.jpg,Serous cystadenoma
1166_JPG.rf.8f97480a3a3a11abd8ce2772a01b1903.jpg,Chocolate cyst
741_JPG.rf.b4be8f8dc2c7db42a163475e2ab5a91e.jpg,Teratoma
1017_JPG.rf.f5688e9d2f35e11a01c781a9511db868.jpg,Teratoma
315_JPG.rf.1267d2cf6aa2bac9e2d4024b954aff91.jpg,Chocolate cyst
15_JPG.rf.3da02fdd558846e9e7c50bbdcd533de2.jpg,Chocolate cyst
389_JPG.rf.cd6ae94feed56bef0bb3483383faf60e.jpg,Chocolate cyst
777_JPG.rf.783b5ab65e79459c26a3cfe711382a49.jpg,Teratoma
497_JPG.rf.36d91afae217121e44667a670e6980ba.jpg,Simple cyst
1618.jpg,Clean
219_JPG.rf.6203cc8f7d3c08cc49a9d1b5c2ce6ed6.jpg,Chocolate cyst
1098_JPG.rf.ff2229686e07bbd3f63a95c55c0d13d6.jpg,Chocolate cyst
22_JPG.rf.40c84180db5e40cb889e8843e6f467af.jpg,Mucinous cystadenoma
838_JPG.rf.944774e55f92a4a1e576689d492deb0a.jpg,Theca cell tumor
1475.jpg,Polycystic ovary syndrome
1088_JPG.rf.a227484f056df8648dff8db4d8273fa5.jpg,Mucinous cystadenoma
1588.jpg,Clean
739_JPG.rf.438cc99a4b179ae917c562683124008a.jpg,Teratoma
1635.jpg,Clean
892_JPG.rf.c992d64d74350e07f58bf8ad98ca1158.jpg,Serous cystadenoma
1231_JPG.rf.669fc6c75268ea40138dc177fdbdec62.jpg,Serous cystadenoma
252_JPG.rf.4c4fcb5a9f7066f33b0934b4f760808e.jpg,Serous cystadenoma
1249_JPG.rf.ad2e73f52f48c4064ebdaa3480788b81.jpg,Chocolate cyst
908_JPG.rf.d43162e7f631a7d8ef1c9ce33910cb93.jpg,Chocolate cyst
679_JPG.rf.0844ebe93513727de2d5122c8c351282.jpg,Chocolate cyst
1392_JPG.rf.2847019cdc40c1590776bc94cc5df704.jpg,Teratoma
624_JPG.rf.92a4fe8d5101d906401711c1614441be.jpg,Theca cell tumor
1119_JPG.rf.7bb0fa69cf06d0ee6489cf1c22b31182.jpg,Serous cystadenoma
974_JPG.rf.d5d9d72e06d16d9f4538799f7b3598bb.jpg,Chocolate cyst
326_JPG.rf.11b99c0971064b5b3f6777164a0401f5.jpg,Chocolate cyst
23_JPG.rf.932b371ba09cefeaccdefa46db4f3fc2.jpg,Mucinous cystadenoma
607_JPG.rf.bddad4d9173ec25980d0b00d059353c4.jpg,Theca cell tumor
1505.jpg,Polycystic ovary syndrome
350_JPG.rf.88e58b9344fe50f863e75154d9a37668.jpg,Teratoma
1229_JPG.rf.12a487821b340db42afda64bd2e45e0a.jpg,Serous cystadenoma
1536.jpg,Polycystic ovary syndrome
495_JPG.rf.8b025e3fef9320ac8a58139278d6c041.jpg,Serous cystadenoma
1052_JPG.rf.9137297e2819ad133e7911fd42a59aef.jpg,Serous cystadenoma
432_JPG.rf.5136839ca66ff4e402f435bd4f49a84a.jpg,Chocolate cyst
1007_JPG.rf.9b2fedcfcd1fb6a2e55f01b4d5f91ac4.jpg,Chocolate cyst
1653.jpg,Clean
169_JPG.rf.0a4b0e01ce431e5b4379f6be878c747a.jpg,Teratoma
1140_JPG.rf.9dc6b118845c1e3d83c73e0c4b8d2512.jpg,Chocolate cyst
1444_JPG.rf.3d2ada6591f3db97b47fe8abc781c956.jpg,High grade serous cystadenocarcinoma
92_JPG.rf.a431c3e2bb2b384fe9b62358ae93f389.jpg,Serous cystadenoma
409_JPG.rf.57dc39cebd5f9ee4a24393776f83c696.jpg,Serous cystadenoma
1559.jpg,Polycystic ovary syndrome
614_JPG.rf.3f331641851244bd2ee6c169ba4cf7c0.jpg,Serous cystadenoma
159_JPG.rf.0a37526026bcc5f5fc0e6d348bf62cf4.jpg,Chocolate cyst
1343_JPG.rf.98d024b970e268e6bd0171510a6b0d3a.jpg,Chocolate cyst
1415_JPG.rf.28cd3377eabf72bf462298d13694af3f.jpg,Simple cyst
1451_JPG.rf.f257ba808524b73e47f983c32c316124.jpg,High grade serous cystadenocarcinoma
1615.jpg,Clean
1125_JPG.rf.fae1d3f1b3b4a96966fbd54c77812d94.jpg,Serous cystadenoma
1447_JPG.rf.bee5ab29c9a4e1bbb893f1b35e0c16db.jpg,High grade serous cystadenocarcinoma
