511_JPG.rf.fcdadd475316fe98ce8bbd677a5ec151.jpg,266,90,417,303,Teratoma
1098_JPG.rf.ff2229686e07bbd3f63a95c55c0d13d6.jpg,298,213,379,364,Chocolate cyst
1170_JPG.rf.fecbc9231737a9a2d296e6e09cb58ed3.jpg,142,158,353,283,Chocolate cyst
775_JPG.rf.fe4707c38a85fd0dada0375ba4b760f8.jpg,148,150,535,501,Teratoma
639_JPG.rf.ffe591b1b66fc0c9f5c642415ac697b2.jpg,308,87,617,351,Chocolate cyst
675_JPG.rf.fee9659a74e71a95b983c02d05057732.jpg,235,384,322,481,Chocolate cyst
399_JPG.rf.fdaed3207f00d91b4fc01a685312ac33.jpg,169,115,425,411,Teratoma
826_JPG.rf.ff75d26f893a93e5379be901da41d4e9.jpg,285,144,406,256,Chocolate cyst
236_JPG.rf.fd131df62c31f8b67d0639560a18d3f4.jpg,226,103,424,265,Teratoma
391_JPG.rf.fde937ce7b5c665307cd1cab8a1eef34.jpg,206,160,286,280,Chocolate cyst
391_JPG.rf.fde937ce7b5c665307cd1cab8a1eef34.jpg,286,161,395,315,Chocolate cyst
391_JPG.rf.fde937ce7b5c665307cd1cab8a1eef34.jpg,250,96,326,191,Chocolate cyst
1283_JPG.rf.fdb8dc9e6f53af8f342d872868338d65.jpg,256,140,421,454,Chocolate cyst
1224_JPG.rf.feb14d32b1671a39cce0fb3e3bac5d41.jpg,218,59,472,518,Teratoma
119_JPG.rf.fdc7f8bafec5159c12dbac0063881888.jpg,63,198,421,526,Serous cystadenoma
736_JPG.rf.ff5c05e10c38b63ca388b74b50c1efdd.jpg,275,109,418,244,Teratoma
269_JPG.rf.ff63c97b79a7061224e64adabdbe77d0.jpg,168,147,397,330,Teratoma
973_JPG.rf.65711859a369a0ad50a11b00ac8c36b4.jpg,179,222,351,344,Chocolate cyst
1201_JPG.rf.651420b86ef62edd2f78e4af0b31ac86.jpg,174,125,501,413,Chocolate cyst
1231_JPG.rf.669fc6c75268ea40138dc177fdbdec62.jpg,173,27,532,536,Serous cystadenoma
744_JPG.rf.68221a3ca1e741ef75e8b45d9700b735.jpg,146,211,377,496,Teratoma
1076_JPG.rf.69419a2f9346e739762453fd27be4a36.jpg,62,69,535,375,Teratoma
1197_JPG.rf.6df05362ed7bdf7f3497ccc6618930f2.jpg,140,122,394,512,Mucinous cystadenoma
379_JPG.rf.6a4cbf40d6487d79c730a7b150d703c1.jpg,122,166,518,485,Teratoma
1156_JPG.rf.6d7643f1cad2971301b22f4a3cea59ca.jpg,37,104,431,570,Teratoma
519_JPG.rf.6826056854c6a8a9ee2d0a374a8e7f1f.jpg,76,118,571,571,Teratoma
553_JPG.rf.6db3d91b5b168b24528b68b82cd7c260.jpg,107,254,327,370,Teratoma
918_JPG.rf.69420866be388d353803522d02618b14.jpg,321,86,498,375,Teratoma
1273_JPG.rf.6e6714b60ea2be5936188ab84bd9da07.jpg,181,5,470,502,Serous cystadenoma
526_JPG.rf.6de896acaf777347aa6756712c61d571.jpg,192,125,475,426,Teratoma
392_JPG.rf.63c4363599fa3325a92119f27b31f7d8.jpg,290,181,387,321,Chocolate cyst
392_JPG.rf.63c4363599fa3325a92119f27b31f7d8.jpg,216,148,289,299,Chocolate cyst
798_JPG.rf.6e36cfee94dae572a34eec2461ece30d.jpg,231,142,452,392,Chocolate cyst
1189_JPG.rf.6e837e7679c8e7404e034cd450a21829.jpg,263,178,399,370,Chocolate cyst
656_JPG.rf.6ce17ae5d1e62bb28b791111e8a053c2.jpg,155,121,378,401,Teratoma
1149_JPG.rf.64a82ad423e5b062f0cdf6d4362e682c.jpg,207,100,406,367,Theca cell tumor
753_JPG.rf.6e4c7173654487d5a5da9f0e78d0f024.jpg,192,59,480,341,Teratoma
1289_JPG.rf.707912e37c6c06bb262cebb73f343d45.jpg,75,2,349,309,Serous cystadenoma
951_JPG.rf.6f63adefca6ac75b31801dece8ac9bfb.jpg,150,363,393,523,Teratoma
205_JPG.rf.6ea682688bcdc33a4a5598b55cae2e01.jpg,326,111,385,215,Chocolate cyst
1420_JPG.rf.6f8cc678c2416ddba5261a52758b14ca.jpg,274,112,477,333,High grade serous cystadenocarcinoma
540_JPG.rf.6c1c66ff099ab81953f58304fa497f4e.jpg,91,178,564,521,Chocolate cyst
764_JPG.rf.70d76b456a8973d416d26da4fe2ce924.jpg,133,196,396,411,Teratoma
816_JPG.rf.70f859e03e1d74e82fd18395434dea7f.jpg,208,96,341,312,Teratoma
1022_JPG.rf.72cbf4cab7d38f91785626ed21cf4c13.jpg,205,119,409,457,Teratoma
306_JPG.rf.6478d24721432851e67eaa524d62aa0b.jpg,191,109,524,368,Teratoma
288_JPG.rf.6c8588c6bf46a2d1829cb09aca5a57b6.jpg,140,52,516,460,Teratoma
1430_JPG.rf.6ea15fe8456dd5e4da91d3866d9fcdd1.jpg,195,142,323,352,High grade serous cystadenocarcinoma
1126_JPG.rf.737e3d6db28bfaa5caafde89780bb454.jpg,214,177,474,604,Serous cystadenoma
1411_JPG.rf.72dde69ccc52718409e8a789597921bd.jpg,286,123,409,345,Chocolate cyst
975_JPG.rf.725f3cd66d6a46b4b77a857080778a2a.jpg,253,219,404,345,Chocolate cyst
1352_JPG.rf.73c5972c70253b2de6f74f2cada2efbd.jpg,241,80,406,340,Serous cystadenoma
30_JPG.rf.758096ba42b4c5423f802ed5288ca942.jpg,188,189,341,502,Chocolate cyst
30_JPG.rf.758096ba42b4c5423f802ed5288ca942.jpg,380,104,549,460,Chocolate cyst
903_JPG.rf.64f1cfe2c458d27197a5c23e926fa882.jpg,43,73,582,476,Teratoma
1435_JPG.rf.7413f6c2cca77ec582ed8b83bd377d7f.jpg,327,87,606,392,High grade serous cystadenocarcinoma
199_JPG.rf.72c102ffe03bfd288682d84730b0dcc7.jpg,52,195,592,558,Chocolate cyst
1309_JPG.rf.767974a6b2aecc8c94521baaf578f488.jpg,185,104,449,482,Chocolate cyst
1385_JPG.rf.74ed5de11aa87a7298626b23a65eb5d4.jpg,264,189,403,501,Serous cystadenoma
800_JPG.rf.72c1583eeb94e41ad8fa71e800ff4c91.jpg,181,49,458,314,Chocolate cyst
447_JPG.rf.772787612393f50d7ada242b893296e2.jpg,52,136,615,530,Chocolate cyst
138_JPG.rf.775fd1a71196529afa828177dca8c38a.jpg,69,4,525,610,Serous cystadenoma
1346_JPG.rf.63e80abbcd021a94f05a8dabbdc0b5a5.jpg,163,227,445,455,Chocolate cyst
513_JPG.rf.6408eddbb1ad34395a6540fa330dc06f.jpg,172,86,498,283,Teratoma
872_JPG.rf.7825fea56059c66c045f4dad12d19a5d.jpg,174,110,341,382,Teratoma
80_JPG.rf.644bb7ed429fd6ffc08c084cf6a01cd7.jpg,232,116,423,366,Chocolate cyst
1177_JPG.rf.645eef9fd440cc429b998cb8dd8ad0dc.jpg,306,4,489,273,Mucinous cystadenoma
1155_JPG.rf.75843cf436f10a53388eabd9c2905596.jpg,167,102,425,613,Teratoma
944_JPG.rf.787b2658488cae69a51be0e338ffb8e7.jpg,146,127,513,454,Teratoma
1416_JPG.rf.762d5b9a630e52a31f64b9b54f765b7e.jpg,264,169,410,324,Serous cystadenoma
860_JPG.rf.7613b049a106494e65a4755e76ac41b7.jpg,155,97,393,479,Teratoma
777_JPG.rf.783b5ab65e79459c26a3cfe711382a49.jpg,78,20,432,527,Teratoma
332_JPG.rf.787179ab1a32b6f05fa7ba84705dbbb8.jpg,218,178,347,295,Chocolate cyst
883_JPG.rf.6a99809e0aa0da4cf1781f7383f5efef.jpg,162,93,446,513,Chocolate cyst
1419_JPG.rf.6cdd82a599a1aa13697d5d59c97a302d.jpg,221,81,602,293,High grade serous cystadenocarcinoma
805_JPG.rf.7870eba83cc97292c6d9bc4b6890101f.jpg,13,70,631,496,Chocolate cyst
293_JPG.rf.64c3f476b7eb413b1a38b288ce71622b.jpg,218,117,494,433,Chocolate cyst
289_JPG.rf.6a313393bb84c554916bb7e9c1fecc60.jpg,152,38,549,618,Chocolate cyst
1171_JPG.rf.7991471e8e92a7a343134732722e24ee.jpg,245,157,420,268,Chocolate cyst
1168_JPG.rf.78c624a189cf19990fed8da679a1230e.jpg,92,54,326,342,Chocolate cyst
504_JPG.rf.7afe6ff33c887cfa39745a732a8832af.jpg,196,104,407,253,Teratoma
333_JPG.rf.69c456be8e3a85e4920fd06f6bbb714a.jpg,274,156,334,277,Chocolate cyst
740_JPG.rf.7ae2f5abae38a931f104d7bdfb4f23ba.jpg,298,115,408,218,Teratoma
1375_JPG.rf.7a3660049ad84507033738e84f13aa6d.jpg,235,81,462,601,Simple cyst
847_JPG.rf.8038a1d488e0285456fdb45920c1cb90.jpg,215,125,420,496,Teratoma
722_JPG.rf.791538d24db5de2f2658b88075c114d3.jpg,233,160,368,271,Chocolate cyst
737_JPG.rf.6a850808c48e63a3b609c042df2399bb.jpg,259,139,424,246,Teratoma
1207_JPG.rf.802b9eec04817b1ea98562c60a0c32ad.jpg,217,194,371,370,Chocolate cyst
1207_JPG.rf.802b9eec04817b1ea98562c60a0c32ad.jpg,374,19,638,373,Chocolate cyst
841_JPG.rf.7cd645b4c0ca3686fc24ee3127be4c28.jpg,205,167,340,296,Teratoma
469_JPG.rf.7fa5584635b3ca7d59e06e62751acebe.jpg,61,121,551,443,Teratoma
1117_JPG.rf.7daa7fd64e1d509e5f6799283eca0917.jpg,206,120,467,390,Serous cystadenoma
1133_JPG.rf.79d876c82f9523b438f81b877a7fa675.jpg,180,123,458,387,Theca cell tumor
925_JPG.rf.7befb4f09d7e23a0678cb13a92d46b57.jpg,110,100,304,256,Teratoma
191_JPG.rf.7e92b7f52f220e18e10227890ba0323b.jpg,7,164,382,518,Chocolate cyst
1254_JPG.rf.7b11df391831a29eda54f356314b8c0c.jpg,40,106,413,374,Chocolate cyst
1308_JPG.rf.7fdf4c2df4df5494d520e6e31cca92fa.jpg,238,104,448,562,Chocolate cyst
1119_JPG.rf.7bb0fa69cf06d0ee6489cf1c22b31182.jpg,90,4,376,362,Serous cystadenoma
880_JPG.rf.7bfe2618619a83aff5a76a5875229d03.jpg,244,113,414,427,Chocolate cyst
1023_JPG.rf.7b0a4915dfd9428d74c98576c46e8de9.jpg,165,80,373,261,Chocolate cyst
1344_JPG.rf.8088a4b6d8466b874e2db93c262dd9be.jpg,217,148,365,312,Chocolate cyst
819_JPG.rf.81ebbbcc26d731c1edb54c64691e98e9.jpg,188,102,474,398,Teratoma
1191_JPG.rf.82508d06486825422f288ac2359d931c.jpg,191,122,407,455,Theca cell tumor
817_JPG.rf.7c59b60b9bd5b709272dc41805d0f75f.jpg,215,84,464,410,Teratoma
190_JPG.rf.816d75d1354feb8b196549e5798c9844.jpg,64,188,596,526,Chocolate cyst
1104_JPG.rf.812945ee966f7a0f01482a009061c0e5.jpg,197,205,340,374,Chocolate cyst
1319_JPG.rf.80075a837b8ddf180f6309e917a89569.jpg,87,83,431,410,Mucinous cystadenoma
1157_JPG.rf.82a0d826dca2e30211e020b5f65f2f6b.jpg,168,44,466,484,Teratoma
1351_JPG.rf.7b5688124ee33e736233ed8969f26fcd.jpg,214,102,403,243,Chocolate cyst
1062_JPG.rf.7a42dc1de15c33be8fa8ce4ce92889f4.jpg,234,81,395,261,Chocolate cyst
583_JPG.rf.7e12c82e8655c9195a5ed37f88e06883.jpg,257,140,422,289,Teratoma
1232_JPG.rf.825706ce99c6338ef53cb917fc125615.jpg,229,73,421,307,Serous cystadenoma
334_JPG.rf.80e407b36e37ab248628ff057df5b153.jpg,267,105,352,262,Chocolate cyst
1046_JPG.rf.82d66f3a1e3b30db4c22a380f8bdd125.jpg,184,113,501,484,Chocolate cyst
1095_JPG.rf.83aef2ccccf078f35329896757b62a66.jpg,105,111,461,421,Teratoma
67_JPG.rf.83209505a0981f0f8d4a6bec2fd5d97e.jpg,220,190,390,449,Teratoma
348_JPG.rf.82fc005b3840dd5eb53783cc2ef7e130.jpg,209,201,402,357,Teratoma
1328_JPG.rf.82f5ea639f381e028038b5bbc8fb492f.jpg,83,29,346,500,Chocolate cyst
1280_JPG.rf.897bc073961adc1130c87ad9a30793c5.jpg,241,114,449,580,Chocolate cyst
1164_JPG.rf.83e8e33515eabb4881fc1c8ca56b3633.jpg,134,122,347,384,Chocolate cyst
347_JPG.rf.8660d1292fc5fc1945361abc2b33c60d.jpg,315,182,413,325,Teratoma
796_JPG.rf.85f89bd3f14dd452dabf2f5b625ab22a.jpg,270,175,425,407,Chocolate cyst
1029_JPG.rf.86f7abf0e2323e99f58e3d4af7380f99.jpg,276,42,454,392,Serous cystadenoma
1245_JPG.rf.83c090a626c12f4c80f75e2c89d0bd18.jpg,179,100,390,415,Chocolate cyst
464_JPG.rf.8a3c502c21ab4e05b5334511d616d836.jpg,312,22,549,296,Teratoma
1106_JPG.rf.8c523586f2556af42fa293f568e49af3.jpg,200,68,472,542,Teratoma
1006_JPG.rf.84dc605a7bf50ffda7ed1480662c68d1.jpg,304,257,410,436,Chocolate cyst
1258_JPG.rf.8c94e815b058590e8edacc3bdf378101.jpg,188,270,423,450,Teratoma
1368_JPG.rf.87cf3a5704d87a05261728fa60e8f30a.jpg,294,227,447,463,Chocolate cyst
676_JPG.rf.8a344f322fac7c36a9ebc45d92ddf3d9.jpg,158,28,480,448,Chocolate cyst
1298_JPG.rf.84da1aea52c901b0b2dc994b33d34573.jpg,226,172,373,380,Theca cell tumor
1082_JPG.rf.8ca68cd84ec17f2d84eae18a6905bc34.jpg,312,159,510,494,Teratoma
1421_JPG.rf.895597b6f9ff38606f37899f37fd3175.jpg,128,18,516,522,High grade serous cystadenocarcinoma
1016_JPG.rf.894414e29cc16648e3b2a2d20354d668.jpg,301,118,520,329,Teratoma
909_JPG.rf.8a5ada9bfcfeb0a5f53db0f178045cf8.jpg,244,225,363,427,Chocolate cyst
206_JPG.rf.84d79ed31f0d6ef211fae56bcc1e54c0.jpg,335,108,400,214,Chocolate cyst
350_JPG.rf.88e58b9344fe50f863e75154d9a37668.jpg,230,162,409,252,Teratoma
1010_JPG.rf.83ed20af27a27a5aa7f5c995f893677c.jpg,140,181,613,503,Simple cyst
1236_JPG.rf.871662e9e0aae6df6fdc7e7f1a6b6656.jpg,23,104,549,492,Simple cyst
506_JPG.rf.8e3e56bafb927574fa436acabccf21da.jpg,222,104,409,279,Teratoma
170_JPG.rf.8dfe3690114bc3cac9116c933f11d770.jpg,183,117,347,459,Teratoma
1086_JPG.rf.8d662099a825f9a5dd6c67e6dd81dcf3.jpg,197,43,481,549,Teratoma
767_JPG.rf.919700859d753b6231d3f1add4e18700.jpg,222,192,417,428,Teratoma
180_JPG.rf.8e4b9a23f2b980f0bb5838beecb14ae5.jpg,174,24,532,447,Teratoma
133_JPG.rf.8fa14a9d4893aff5810dbe131f8dd20e.jpg,172,82,560,474,Serous cystadenoma
207_JPG.rf.8e16e87b17e68b5de4fee84b19000d79.jpg,245,302,364,437,Chocolate cyst
66_JPG.rf.915468b75a61ecc131f96686c5151e25.jpg,237,196,402,425,Teratoma
1409_JPG.rf.902fca06948fbe649d09f72749bd415a.jpg,151,33,390,360,Mucinous cystadenoma
743_JPG.rf.8ef1d7a5827f86239f53859f578ffb63.jpg,75,68,524,547,Teratoma
1166_JPG.rf.8f97480a3a3a11abd8ce2772a01b1903.jpg,177,99,441,343,Chocolate cyst
34_JPG.rf.91feaba16979bd7ff6eadf64a7810f40.jpg,0,91,637,618,Chocolate cyst
376_JPG.rf.8eb0c2f741bd56669ac42faf2c32c40d.jpg,7,172,211,470,Chocolate cyst
1052_JPG.rf.9137297e2819ad133e7911fd42a59aef.jpg,55,63,540,457,Serous cystadenoma
845_JPG.rf.91fd157960a0f814d5c8337d44132e64.jpg,166,73,354,379,Chocolate cyst
137_JPG.rf.90759f53bcca7dabd3b3aeb39fd3fa1f.jpg,95,4,526,580,Serous cystadenoma
167_JPG.rf.921c5ef0651a174f7cb38a3b7fb0dbc3.jpg,191,271,333,351,Teratoma
505_JPG.rf.8edeb0d31986669c09535534047c8e60.jpg,188,129,417,330,Teratoma
1112_JPG.rf.8f456d1b64f822215c2a1f3a6ae1de16.jpg,279,117,361,260,Simple cyst
870_JPG.rf.92846236aeae7f1dae0a8481d1e1c00c.jpg,116,38,476,390,Teratoma
308_JPG.rf.90625245e70a1012bc89280aa2c256d0.jpg,281,72,444,337,Teratoma
1356_JPG.rf.93072a5f5d4e0e11ce9968ea9cdc1bf4.jpg,120,8,414,477,Serous cystadenoma
1286_JPG.rf.942346eb431b337181cf150fa2a2732a.jpg,287,195,561,474,Chocolate cyst
1286_JPG.rf.942346eb431b337181cf150fa2a2732a.jpg,161,181,333,318,Chocolate cyst
1238_JPG.rf.91e7fca07220ac09716feeef77cb2e66.jpg,2,6,345,292,Simple cyst
1188_JPG.rf.8d17b18bc92eee9bb699dc33b553e400.jpg,259,192,395,384,Chocolate cyst
465_JPG.rf.91cf688ece8f43fcd53b2bf09fa07c05.jpg,211,126,317,310,Teratoma
237_JPG.rf.932623f6767dfcb298157c1e9d2efede.jpg,249,126,359,250,Teratoma
1145_JPG.rf.9501a706045b799c8d1434bc3cd982e0.jpg,204,246,625,616,Chocolate cyst
1049_JPG.rf.959a448f7843bf0c3107443574318d57.jpg,222,96,388,388,Chocolate cyst
536_JPG.rf.9688b834ce94b8855e6d0f5f201a46bb.jpg,184,128,465,400,Teratoma
196_JPG.rf.94c53799a06f13837a46eb90bfaa980c.jpg,20,170,579,530,Chocolate cyst
1030_JPG.rf.971fcbbbb6802b5e92b90b72584d74fe.jpg,194,223,428,342,Chocolate cyst
712_JPG.rf.97feb2be2d4e18360684ba6333fe0383.jpg,79,45,434,509,Teratoma
195_JPG.rf.95e7904e54004f53e5e6cc4650862a73.jpg,37,136,624,546,Chocolate cyst
1354_JPG.rf.978b0f9172c61a46fa15245e2fdb852e.jpg,121,18,505,346,Serous cystadenoma
1326_JPG.rf.98a6924088eec156dfe992d3aa700014.jpg,7,118,639,590,Chocolate cyst
1246_JPG.rf.9a3a11fb2e3550f9827d1aa847999c85.jpg,204,122,414,474,Chocolate cyst
871_JPG.rf.98218ed61a7e97a38c1d627e5ef91487.jpg,209,85,451,313,Teratoma
1453_JPG.rf.9899e783f51f3c683f09c45a5ba6eb13.jpg,248,267,414,541,High grade serous cystadenocarcinoma
188_JPG.rf.994cd86834fc221a2af7b3b7aa34c8ee.jpg,216,159,490,502,Chocolate cyst
1288_JPG.rf.9afd7695eed689d08457a003327d3936.jpg,225,155,518,431,Chocolate cyst
1161_JPG.rf.9b8b99c7ded04a5662faf992d8cde87a.jpg,12,24,366,420,Chocolate cyst
71_JPG.rf.9ab4936e08061bc1458d4876675ce3e2.jpg,55,90,488,388,Chocolate cyst
717_JPG.rf.9887a12ba35e1d3efe992b395a265a4f.jpg,340,135,528,261,Chocolate cyst
1441_JPG.rf.99eb1755baa328efeae4ed9dbb9b4de9.jpg,247,84,354,259,High grade serous cystadenocarcinoma
14_JPG.rf.9cf0888e9fe05a9fd53adad00e9112b6.jpg,230,94,421,343,Chocolate cyst
1105_JPG.rf.9ccb220a99bc0824dbf662657beccc39.jpg,191,110,464,464,Teratoma
900_JPG.rf.9cce0f9de89452a9559fe61b57419220.jpg,141,131,615,490,Chocolate cyst
680_JPG.rf.959093a8659e91b4db84f71504cbfd07.jpg,37,125,442,432,Chocolate cyst
84_JPG.rf.968c74d7d30c1dc1983f83d1ee6ad1b0.jpg,220,103,389,369,Chocolate cyst
1196_JPG.rf.9d09d247a179299d38c3542e05e09068.jpg,140,117,394,509,Mucinous cystadenoma
707_JPG.rf.9af6aa62343fd0103151b3ae167ee586.jpg,247,247,487,474,Teratoma
239_JPG.rf.9a6aebf16433bee6eda314a701772aca.jpg,24,86,559,488,Chocolate cyst
173_JPG.rf.98adaf1181a30f1f0e2a4f53cc9f3e85.jpg,189,103,365,433,Teratoma
947_JPG.rf.a07bac6853b6f1338b01a6abd1fb9ecb.jpg,203,119,439,395,Teratoma
1343_JPG.rf.98d024b970e268e6bd0171510a6b0d3a.jpg,163,130,414,303,Chocolate cyst
1345_JPG.rf.9a3376a63e806c84bc9670003aa621ea.jpg,260,177,407,319,Chocolate cyst
163_JPG.rf.9cafd7204959cbb38736a36a32526e71.jpg,281,133,400,313,Chocolate cyst
6_JPG.rf.9f5b67d18977113f6f39a9e9651f347f.jpg,164,198,434,489,Chocolate cyst
1140_JPG.rf.9dc6b118845c1e3d83c73e0c4b8d2512.jpg,203,61,477,447,Chocolate cyst
801_JPG.rf.a158780bb090b4d2972ba11b74e01dd8.jpg,236,88,382,337,Chocolate cyst
1054_JPG.rf.a18e3c008db5bdf47afea980b76f2d53.jpg,196,101,565,394,Theca cell tumor
1007_JPG.rf.9b2fedcfcd1fb6a2e55f01b4d5f91ac4.jpg,279,255,385,433,Chocolate cyst
69_JPG.rf.9e682ddf2919dc68d914425f6a72ee23.jpg,234,177,419,398,Teratoma
646_JPG.rf.a190afe4d0365f531ba76b900873bd0c.jpg,207,122,375,422,Chocolate cyst
746_JPG.rf.9e2ec5056c5c5c7e012da5e189f1f6ff.jpg,201,77,450,332,Teratoma
906_JPG.rf.a08ac51e3aa8bf0b170ae0136b00d070.jpg,149,65,417,525,Chocolate cyst
261_JPG.rf.9bcb7828ef3c4373b66db33f8aa62344.jpg,105,85,616,434,Teratoma
1301_JPG.rf.a2844482afd87416d9b5a8bd54e72539.jpg,187,34,462,508,Teratoma
1158_JPG.rf.a3064494e4177586e100b9dc80aa4258.jpg,143,25,453,484,Teratoma
1088_JPG.rf.a227484f056df8648dff8db4d8273fa5.jpg,0,109,639,434,Mucinous cystadenoma
585_JPG.rf.a23c5ef989e009cf73c023ff27f0dfec.jpg,269,119,357,271,Teratoma
466_JPG.rf.a190d6bcb19ce3055db01734395a818e.jpg,202,138,443,454,Teratoma
310_JPG.rf.a2a64b7303744ac342eced964be24335.jpg,151,120,380,401,Teratoma
1378_JPG.rf.9f6c3c407f375363b8e60bcd0210ecd3.jpg,269,167,389,310,Serous cystadenoma
1026_JPG.rf.a3218a2df028430c865d21476e27ccda.jpg,145,77,385,266,Chocolate cyst
453_JPG.rf.a1aeeaa4ff20d0e8828ffe1134c3cec6.jpg,27,91,570,492,Chocolate cyst
840_JPG.rf.a36c588f94591e8016e8c895aa3b12fd.jpg,159,172,325,290,Teratoma
394_JPG.rf.a3ba85a358afef1a55cc3145cdc1a024.jpg,186,171,446,476,Chocolate cyst
538_JPG.rf.a5263a1c9686b181f9a6428370b0431d.jpg,35,177,532,490,Chocolate cyst
559_JPG.rf.a346addfbbf36e5cff43a1539000b166.jpg,28,68,460,472,Teratoma
577_JPG.rf.a6360104eac6dd8a7f05b3acfec9b154.jpg,151,261,573,529,Chocolate cyst
940_JPG.rf.a4c66df48ca0dbf375b6641ad01dba5f.jpg,240,359,399,514,Teratoma
1165_JPG.rf.a73c98418b53351acbb255b9cdf8f0e1.jpg,134,129,451,337,Chocolate cyst
997_JPG.rf.a5e94e23858614f89fc3cc0fbd684177.jpg,23,140,517,491,Teratoma
1152_JPG.rf.a5fa3abb2842be181d9027ab98898e5f.jpg,244,104,383,371,Theca cell tumor
532_JPG.rf.a622c1b946a951d97be212ce79e98a82.jpg,201,94,350,362,Teratoma
868_JPG.rf.a6472b68beb0fbc4ce52773f23b565b7.jpg,121,136,460,383,Chocolate cyst
101_JPG.rf.9c0699af7580bf8b81373e1ed0fdb0de.jpg,140,34,430,533,Serous cystadenoma
209_JPG.rf.a583114ba1de61b14624866cc23a756e.jpg,195,271,395,391,Chocolate cyst
1321_JPG.rf.a4a57b7691d7c0a02e7383c67c9bce3c.jpg,15,26,454,370,Mucinous cystadenoma
41_JPG.rf.a45a1c71f295eed901d24af58f5e827f.jpg,221,72,418,235,Chocolate cyst
294_JPG.rf.a5780b0aa870f5187b78ad886aa3762a.jpg,165,175,450,441,Chocolate cyst
1423_JPG.rf.a31c2e389551abeecea0a740143c770d.jpg,252,11,482,290,High grade serous cystadenocarcinoma
1464_JPG.rf.a887155692d43a4bd031e3230992a408.jpg,201,182,344,384,High grade serous cystadenocarcinoma
1200_JPG.rf.a8be1e30b95a0fb6b44c242d513e0ae7.jpg,216,116,444,414,Chocolate cyst
1061_JPG.rf.a7118056010997fe0428b355422458b5.jpg,234,108,431,390,Serous cystadenoma
946_JPG.rf.a63cfe0fd718834522d86e1b601605ee.jpg,192,123,456,392,Teratoma
1175_JPG.rf.a79c841af2e40097ad16dc7c9aff23a9.jpg,74,187,365,469,Mucinous cystadenoma
1212_JPG.rf.a487c88ac66b09d10e5f7a5d5c7ec532.jpg,303,93,349,204,Chocolate cyst
220_JPG.rf.a83ce4f542cdeb85ac9ce302f0588c5f.jpg,17,86,425,624,Chocolate cyst
1436_JPG.rf.a8a59e3ea7fab1f3c8c0df87cc176d87.jpg,268,274,404,397,High grade serous cystadenocarcinoma
435_JPG.rf.a7b603fcf70b5a7044c8538a38514e2a.jpg,186,109,474,496,Teratoma
724_JPG.rf.a91e9cd711295a10f28d22e92ede22a1.jpg,247,166,402,286,Chocolate cyst
1097_JPG.rf.a94c2f75438c058b76a3037fd81adfe4.jpg,185,93,468,415,Teratoma
1422_JPG.rf.aab0f2318835b52316da5b7d39fc43c9.jpg,179,185,556,520,High grade serous cystadenocarcinoma
636_JPG.rf.a9778b0a321d7f4896a08a8409679ee8.jpg,174,161,301,280,Teratoma
1400_JPG.rf.abcf034b91dc4f15b0ac26fa88690e76.jpg,203,113,399,256,Teratoma
581_JPG.rf.ac60cf6d8d4408f4bde683e73a73b305.jpg,234,166,475,262,Chocolate cyst
1469_JPG.rf.acfeed8d44664174b4402a21db284532.jpg,261,92,437,315,High grade serous cystadenocarcinoma
1028_JPG.rf.ab1c0b62b7a1490d405ee6603fe021c0.jpg,121,45,405,575,Serous cystadenoma
171_JPG.rf.ae981b752a3248bae60a1b6f2451e3c2.jpg,182,148,349,457,Teratoma
1151_JPG.rf.abd980fb8608d72db991b38dbbce5854.jpg,249,96,457,368,Theca cell tumor
1174_JPG.rf.ab6bb8a8a4bbf9decf98f81ece0d334d.jpg,252,178,612,599,Mucinous cystadenoma
485_JPG.rf.abd0bf466c16bf71429b917d991fed41.jpg,209,100,525,305,Teratoma
1279_JPG.rf.aa8f536296ae20ba3b8a194e9607933b.jpg,216,87,462,530,Chocolate cyst
337_JPG.rf.ae8f478d15d3604403527dbe5a12bbed.jpg,129,152,404,571,Teratoma
181_JPG.rf.ac3f58f7f3847e094acfa888e07d76c0.jpg,194,60,449,458,Teratoma
1027_JPG.rf.a79f0fc68058ef9b2645f1c375555919.jpg,158,68,391,249,Chocolate cyst
445_JPG.rf.ab19909f9770dba7a3e8e0c8d4ded725.jpg,204,167,469,532,Chocolate cyst
1249_JPG.rf.ad2e73f52f48c4064ebdaa3480788b81.jpg,99,254,555,539,Chocolate cyst
1173_JPG.rf.aa1d5f3a479d554272914a9432e93ca8.jpg,155,166,473,556,Mucinous cystadenoma
37_JPG.rf.b008997b8bee636f7199ddec7bc7de41.jpg,291,157,426,433,Chocolate cyst
1299_JPG.rf.a94221674e0f9086f655631fcd3168af.jpg,245,155,413,367,Theca cell tumor
1141_JPG.rf.afa2e2f2a3d78e55bf08ceeeee02d1da.jpg,220,191,493,381,Chocolate cyst
678_JPG.rf.ac7b10cdf01f89a06a5512b6d2a891c9.jpg,74,107,461,452,Chocolate cyst
132_JPG.rf.aedf06aaf488354b7fbbecbdb2072d87.jpg,130,76,543,472,Serous cystadenoma
713_JPG.rf.afed43ea8f3959f9d3c102fa699da69d.jpg,100,96,534,616,Teratoma
990_JPG.rf.ae92c957f79b6ee7cc508a7396664de7.jpg,106,110,492,419,Teratoma
576_JPG.rf.ae69870b19e3d2b7392edfebe50344b3.jpg,287,184,451,269,Chocolate cyst
161_JPG.rf.b043bbca87a77e91854bcabe71731db3.jpg,195,93,388,360,Chocolate cyst
911_JPG.rf.017fdbffc0cb2e16e9df094e1c252f58.jpg,289,152,373,340,Chocolate cyst
1102_JPG.rf.023abfad8607f485325b7801e688ef62.jpg,218,55,339,252,Chocolate cyst
1210_JPG.rf.004d083fdd610aa01a0590e29bdd0eb9.jpg,225,119,354,318,Chocolate cyst
168_JPG.rf.00d4c2b4362211275420bd828ae6a2b6.jpg,156,227,319,372,Teratoma
711_JPG.rf.02189410554e91d33df6318ec29c5ea5.jpg,117,31,545,531,Teratoma
1396_JPG.rf.029bcefff271dace63eeb7b051520235.jpg,237,126,495,347,Teratoma
1013_JPG.rf.01f28021116252b05e6d93ca9e44662b.jpg,247,100,406,314,Simple cyst
241_JPG.rf.00a7696dd50292b65da35d1cdba94b9f.jpg,23,85,569,491,Chocolate cyst
644_JPG.rf.00b245204af62a76073a4f4676b55e0d.jpg,283,81,463,363,Chocolate cyst
13_JPG.rf.00f40ca0ff4beb7b7c6fb0fd0787e89c.jpg,153,176,416,496,Chocolate cyst
1227_JPG.rf.02b6bcf41165cdb73fe56437d808ab96.jpg,196,65,416,359,Teratoma
856_JPG.rf.02f9267af553eaceed6227e0fcd07ead.jpg,239,164,378,381,Teratoma
11_JPG.rf.02ea4087737299fe454301a32b904209.jpg,52,182,536,483,Chocolate cyst
1333_JPG.rf.034a4e798d714097b06f9a4922f68dec.jpg,188,115,446,388,Teratoma
742_JPG.rf.06e6c64c4fef50f7869357f747a94e43.jpg,176,72,480,340,Teratoma
108_JPG.rf.03c6c987c61768e7c25476515b098265.jpg,242,114,405,319,Simple cyst
1160_JPG.rf.04191e1165a8d0290d7d0bc9a475e60e.jpg,196,21,318,221,Chocolate cyst
373_JPG.rf.03bb133dafeeebffd3f76b7dad7e0819.jpg,92,195,504,521,Chocolate cyst
286_JPG.rf.05cccb15f6182ebc2de93a74cfcd9831.jpg,201,122,453,439,Teratoma
197_JPG.rf.084986da5e97b7d575207adf027af04d.jpg,292,76,528,430,Chocolate cyst
1038_JPG.rf.086ebbbd9f0f0b3bf7c992b5fea3976d.jpg,151,91,447,438,Chocolate cyst
1264_JPG.rf.057db76221594e6498dc9c098b125bd0.jpg,227,126,398,389,Chocolate cyst
917_JPG.rf.0533edab7e6f528e43bf2ef36b245dc7.jpg,280,137,403,354,Teratoma
1190_JPG.rf.046a410a3fe92d226de2e662c5d10cb9.jpg,226,215,490,403,Chocolate cyst
234_JPG.rf.05c8ae4d9e1ee814127bce5c867611e5.jpg,39,119,420,357,Teratoma
117_JPG.rf.029213ce20fa9618cdff62e172498ae4.jpg,80,134,557,570,Serous cystadenoma
395_JPG.rf.042583623df554ad0ec988134fe77f0b.jpg,162,104,412,340,Chocolate cyst
164_JPG.rf.07a047619efc8e37cc31627d4730a058.jpg,93,84,556,340,Teratoma
19_JPG.rf.04139d66061ca32b3cd735da12dac760.jpg,166,191,434,519,Chocolate cyst
1417_JPG.rf.0494b4770a6f60caa0f1cbbba162c9e1.jpg,264,14,525,349,High grade serous cystadenocarcinoma
943_JPG.rf.04f359af65e9c51d30e13e53cf9854d8.jpg,283,381,468,489,Teratoma
160_JPG.rf.090a1c0cff1129343056643861103718.jpg,60,76,530,357,Chocolate cyst
679_JPG.rf.0844ebe93513727de2d5122c8c351282.jpg,268,327,344,398,Chocolate cyst
159_JPG.rf.0a37526026bcc5f5fc0e6d348bf62cf4.jpg,190,88,452,388,Chocolate cyst
1220_JPG.rf.088ac26b96afe89f47a8273bc5b2e911.jpg,147,128,580,436,Simple cyst
1123_JPG.rf.0c3aaa49e4bd57df62703ae2f19944d6.jpg,212,156,478,533,Serous cystadenoma
824_JPG.rf.0ab4caee2d0d556b16dde25e36c3b3da.jpg,291,178,382,258,Chocolate cyst
336_JPG.rf.09287b1ed72165314e8a60c49439f77c.jpg,168,68,428,499,Teratoma
1222_JPG.rf.0ad78db8fc8ddf30f3526e3d292972c0.jpg,312,25,521,386,Teratoma
1278_JPG.rf.0c30172737dfaa6e3e12364d707ac429.jpg,208,306,383,518,Chocolate cyst
1327_JPG.rf.0c73fb35ca164da81c4964731aeef2ed.jpg,160,54,483,526,Chocolate cyst
533_JPG.rf.0d6401538bc10f41cbcbf08f5c14487b.jpg,197,92,383,269,Teratoma
169_JPG.rf.0a4b0e01ce431e5b4379f6be878c747a.jpg,156,182,333,334,Teratoma
1000_JPG.rf.0b6c1390e417b34587f09839cb481c4a.jpg,186,124,448,413,Teratoma
1169_JPG.rf.0e45a89c0858555268db06a9b53191c0.jpg,150,136,367,246,Chocolate cyst
881_JPG.rf.0e106aee88fc0e0fff7d664cd2bf05cf.jpg,215,148,445,406,Chocolate cyst
1187_JPG.rf.0a6bb72684ad0bdf4ceed23686eb34ec.jpg,170,65,426,536,Theca cell tumor
198_JPG.rf.0c16d477bd6f8ba7ca7f258395d082ff.jpg,213,150,500,525,Chocolate cyst
673_JPG.rf.0dd9cf0ecbbded427a708b4cb190a2b1.jpg,263,352,317,436,Chocolate cyst
1215_JPG.rf.08828ee567ecede7ed99d073d81736c5.jpg,191,41,474,444,Chocolate cyst
7_JPG.rf.0de3a16046b6e5b05b5be84dac711834.jpg,166,172,433,482,Chocolate cyst
259_JPG.rf.0b831024b45fb9a22d45658bd69b2063.jpg,104,165,552,449,Teratoma
50_JPG.rf.0ed7092aac1e68fa7b5ed489eaed2efd.jpg,172,149,423,410,Teratoma
471_JPG.rf.0e6516d95564a8dfdcf3a0144bda1d6e.jpg,170,64,451,444,Chocolate cyst
45_JPG.rf.0f8adb2237aec10c437cd3213cbd58fd.jpg,214,53,454,426,Teratoma
378_JPG.rf.0f3721cefadcdd96fb41027eaf9baafa.jpg,57,190,490,515,Chocolate cyst
732_JPG.rf.0f469f81bcbbe1211c980df6761f827e.jpg,106,131,468,385,Chocolate cyst
902_JPG.rf.115b80da5c82f2ff790404d3ca4401fa.jpg,64,184,518,511,Chocolate cyst
291_JPG.rf.0bc00e4c49b7ed7de7f9f27e7e4183d4.jpg,184,193,520,391,Chocolate cyst
993_JPG.rf.0aad9ba51040f8f6ed578a09eb38e750.jpg,77,10,633,398,Chocolate cyst
803_JPG.rf.0b37e0c4b7e52db568d1b4814772a9e4.jpg,175,78,474,508,Chocolate cyst
804_JPG.rf.1137acc517abcc05092bc4515978428b.jpg,201,86,457,492,Chocolate cyst
755_JPG.rf.11cc1aedb2aa31c864030ad12ef87f7c.jpg,184,68,415,368,Teratoma
326_JPG.rf.11b99c0971064b5b3f6777164a0401f5.jpg,25,22,519,367,Chocolate cyst
876_JPG.rf.106a27a736aad243de87da0bd1d4f655.jpg,124,83,627,342,Chocolate cyst
811_JPG.rf.11d68579b68ae41d99840fa4ceb8576f.jpg,110,127,375,336,Teratoma
315_JPG.rf.1267d2cf6aa2bac9e2d4024b954aff91.jpg,1,60,512,444,Chocolate cyst
554_JPG.rf.10c6efc3815974d05aaf64dab85c1342.jpg,99,247,322,368,Teratoma
579_JPG.rf.0aab1118c7b199bf7e86eeb76f1ee567.jpg,167,264,558,534,Chocolate cyst
827_JPG.rf.0ff29765a0c2aca5954cfbbe0204d10e.jpg,266,114,351,249,Teratoma
647_JPG.rf.12861e5a7c3ea870c9365d18ee323a5e.jpg,221,118,400,429,Chocolate cyst
597_JPG.rf.19b8fd4d1165c5736db9c4a7057e6043.jpg,114,119,545,442,Teratoma
1237_JPG.rf.1579e9cc432d73c22c68a71e0ed06d57.jpg,179,82,422,466,Simple cyst
140_JPG.rf.154caed0c57ce22da569606929b7c26d.jpg,154,59,411,294,Serous cystadenoma
1244_JPG.rf.158ff987803968d36ea79427b5b27627.jpg,157,80,488,463,Teratoma
715_JPG.rf.1579f3b1424114923bb6baff503b3012.jpg,339,133,528,260,Chocolate cyst
438_JPG.rf.1625bc40dda6c31bbc5391783ffb15dc.jpg,180,28,487,346,Teratoma
238_JPG.rf.1b353102ca37cd8edb828854b2ec9048.jpg,227,143,332,266,Teratoma
765_JPG.rf.1b7c9a1bc9d8ee13488e3b63fe5878a6.jpg,114,189,382,403,Teratoma
81_JPG.rf.1bd871c7c72dbc2d5aa3251d647a8f9d.jpg,211,130,405,377,Chocolate cyst
709_JPG.rf.16765033469829ba05725f24b0d266c1.jpg,173,190,464,432,Teratoma
1395_JPG.rf.13eadf9b820c77aeb85e7a959fa88a71.jpg,240,120,492,366,Teratoma
110_JPG.rf.1a1aeecfa21e0ffe8558e5936d089d20.jpg,254,73,339,193,Simple cyst
1366_JPG.rf.1bdddf7a49895b6f15d9f0ff8ce7faca.jpg,188,134,509,594,Chocolate cyst
327_JPG.rf.1c8f24f81f98490c0b60e3212ba7bb1b.jpg,143,14,390,376,Chocolate cyst
444_JPG.rf.1d49a66a987ec223a7dd95da49247cf7.jpg,168,73,426,449,Teratoma
1466_JPG.rf.1d2faf4ac880ef26973bbb3d11e511c3.jpg,182,86,376,338,High grade serous cystadenocarcinoma
1183_JPG.rf.1e20a870ac792e81d3de98885347e531.jpg,143,50,425,504,Theca cell tumor
454_JPG.rf.18718f97cbbcc60f95fd3b0029f0acdd.jpg,52,91,549,487,Chocolate cyst
882_JPG.rf.1d7f4942e0c35925ee71163d33c5901d.jpg,200,35,381,292,Chocolate cyst
998_JPG.rf.1d6ae1bd61dcf16ae51f638fdfc25b06.jpg,35,132,515,471,Teratoma
82_JPG.rf.1fefe649ea414cdce92f52fc58db4e76.jpg,209,103,418,354,Chocolate cyst
1291_JPG.rf.181c1f5973eda4c3879f62d24dbe7cd4.jpg,141,12,458,419,Serous cystadenoma
1130_JPG.rf.1a228731fb125ab83d25d925fe21d949.jpg,262,164,340,311,Simple cyst
1048_JPG.rf.1cf0f02c001216a537bd91b41c598131.jpg,215,62,423,438,Chocolate cyst
162_JPG.rf.213c8870ea38eb180577a1707bc136a6.jpg,274,130,406,303,Chocolate cyst
1229_JPG.rf.12a487821b340db42afda64bd2e45e0a.jpg,112,160,385,630,Serous cystadenoma
1093_JPG.rf.2005ef7d17ae8e15f71f7070d61843ef.jpg,211,138,473,492,Chocolate cyst
1205_JPG.rf.1f2c14be5190d4c3fc7c20e85b45cf45.jpg,277,201,352,280,Chocolate cyst
474_JPG.rf.12d2fc09e53f9b954c68a2f0db642c08.jpg,155,56,476,500,Teratoma
1063_JPG.rf.2220a89ef98fde7d2bd3d20af5d35edc.jpg,276,60,401,242,Chocolate cyst
560_JPG.rf.22665eded7ef4ed590513e5cb036d424.jpg,28,83,509,474,Teratoma
971_JPG.rf.22e26229355bfbc7f73c755e52d58410.jpg,118,42,435,441,Teratoma
235_JPG.rf.1308622e43d364f666cca99a59495ba9.jpg,117,157,442,358,Teratoma
1252_JPG.rf.243a0bd1d5e91e2539b6d90f61941a7a.jpg,83,64,574,385,Chocolate cyst
489_JPG.rf.2580c7937f65cd0bdb0407fe5fbb6432.jpg,60,105,639,448,Teratoma
1349_JPG.rf.13f8bb9e5268e0e4b22794b47acb25ce.jpg,101,116,397,373,Chocolate cyst
653_JPG.rf.23670ed0f6c08b39c70b7ada8b5bf909.jpg,40,149,594,523,Teratoma
39_JPG.rf.256f2eed8d84ad79e66f6b1d82dd271c.jpg,190,77,418,244,Chocolate cyst
1388_JPG.rf.250f3328e6c441188d4a94769f9763d9.jpg,279,162,429,445,Serous cystadenoma
1410_JPG.rf.24a7c969507bb4968d4dc9ac2723f224.jpg,229,10,407,284,Teratoma
1233_JPG.rf.2728bbed962a1cfc294a99e9e921cc41.jpg,1,7,555,417,Serous cystadenoma
70_JPG.rf.259ed4c77911c0d30d5de004096ae75a.jpg,106,192,405,388,Teratoma
556_JPG.rf.26184119d5333711fca22ffaa4c62d5c.jpg,143,300,312,405,Teratoma
1306_JPG.rf.26be2455cd8397419ac39e2a426731c1.jpg,236,112,437,458,Serous cystadenoma
1185_JPG.rf.26cefc82828671213bee8dbb96591c58.jpg,39,77,496,538,Theca cell tumor
1418_JPG.rf.2483a0fb57867bfcf902009c2517a184.jpg,209,13,576,266,High grade serous cystadenocarcinoma
349_JPG.rf.13bdbf9b80a0aff49bd698994bfb99a7.jpg,208,195,395,333,Teratoma
1272_JPG.rf.170f1c5bbde982c4af5e557d4644fef7.jpg,143,118,546,474,Serous cystadenoma
1107_JPG.rf.26090c8275b86d1cfcd5445a7258bf54.jpg,420,115,598,408,Teratoma
1065_JPG.rf.227ec600a543593237a0db9e83821f30.jpg,214,104,405,373,Teratoma
778_JPG.rf.13b140fd3853c14ec73ee6a52ca000b1.jpg,177,97,574,334,Chocolate cyst
1303_JPG.rf.17871bb5c0f01e12b1939383834ed328.jpg,128,38,381,409,Simple cyst
1392_JPG.rf.2847019cdc40c1590776bc94cc5df704.jpg,78,73,348,271,Teratoma
727_JPG.rf.26dcf93f0dfc1ff2cc582592cd71d8d1.jpg,164,77,459,514,Teratoma
437_JPG.rf.17bbb42e3114a33987e72e97e70eecc9.jpg,209,54,439,318,Teratoma
1211_JPG.rf.28a3486d5c6ffe0d3885b70fe7babecf.jpg,243,48,313,177,Chocolate cyst
57_JPG.rf.144ca7e5b01942576ce776d70789d3e1.jpg,150,71,322,308,Teratoma
1300_JPG.rf.283904623937ac97cf492bfb465727e2.jpg,237,117,413,415,Chocolate cyst
1379_JPG.rf.2971ab740d9583c943cfdd0dbcc92247.jpg,220,55,442,440,Serous cystadenoma
105_JPG.rf.2b1b2f180a062c9562a2be8a3a3dbb1b.jpg,133,98,414,537,Serous cystadenoma
1415_JPG.rf.28cd3377eabf72bf462298d13694af3f.jpg,163,31,429,555,Simple cyst
916_JPG.rf.1ad4f43e494abd261c61d30502862869.jpg,203,80,455,434,Teratoma
33_JPG.rf.2d1091d12c76e11c486d528b7cb2837f.jpg,217,218,503,592,Chocolate cyst
1213_JPG.rf.2b9e1a57b9dfad62dfffc052cc591469.jpg,267,141,300,199,Chocolate cyst
1213_JPG.rf.2b9e1a57b9dfad62dfffc052cc591469.jpg,290,127,375,318,Chocolate cyst
950_JPG.rf.2cbe27b78b1b7eba6c0adceb8bbb1ad7.jpg,233,362,380,499,Teratoma
29_JPG.rf.2ed1ce4e245a76a3cce3dae6f16428bc.jpg,201,184,396,485,Chocolate cyst
36_JPG.rf.2c6700e65f9f489dc6ebfd1922d8a942.jpg,311,148,432,412,Chocolate cyst
463_JPG.rf.13ca6dcb23a1a330c1734956cfb588b9.jpg,291,27,541,336,Teratoma
863_JPG.rf.2ee9af9ecf0f43bcfc9d68c9934f37a4.jpg,253,173,322,284,Chocolate cyst
1225_JPG.rf.2cf8e6a6b5f10f1eb6bb471262177baa.jpg,178,14,460,515,Teratoma
1402_JPG.rf.17f3c04de8c3de318d9cfe82ff7fdbb7.jpg,251,121,353,274,Teratoma
1043_JPG.rf.322ed8d9d8793fe25d32a72aa9b6c88c.jpg,190,72,399,407,Teratoma
645_JPG.rf.2b6badc18d2a75a9a84b045f8a8b2550.jpg,182,81,322,336,Chocolate cyst
1001_JPG.rf.2ee02e3daca5fcb7ddb7ffae43cf41a2.jpg,17,53,636,447,Teratoma
194_JPG.rf.3240e6fe5bf483e00c91631ce8c3b405.jpg,37,140,613,547,Chocolate cyst
885_JPG.rf.2a1d82f87d51b487c097c11268e93f1f.jpg,248,137,388,408,Chocolate cyst
797_JPG.rf.319c4a291cbdfafdc0fd2456814fc5df.jpg,266,164,449,404,Chocolate cyst
183_JPG.rf.2e820e7e52c400ff806546ed20a14b38.jpg,195,49,454,434,Teratoma
1467_JPG.rf.2c41fa9ccc7023bbd3375e475e30b897.jpg,219,123,401,366,High grade serous cystadenocarcinoma
1150_JPG.rf.3336030588677a7293e9d0f045e46a8d.jpg,126,111,408,391,Theca cell tumor
537_JPG.rf.3253b770acbc78175cc1016edf90f2fb.jpg,82,115,371,373,Teratoma
1265_JPG.rf.309dabb189b994db1319af50d82a7171.jpg,140,255,329,400,Chocolate cyst
1265_JPG.rf.309dabb189b994db1319af50d82a7171.jpg,192,127,509,352,Chocolate cyst
1261_JPG.rf.31bbe505d0ea21e87217a7c1b5d4ad0a.jpg,147,7,404,408,Teratoma
439_JPG.rf.333efed76dc335d4a3ebbe6eed66eaa9.jpg,225,143,383,411,Teratoma
723_JPG.rf.33b0459e7718b4f39487321cfdf7d212.jpg,211,154,374,286,Chocolate cyst
390_JPG.rf.33371aba30c16ea66a553204cff440b6.jpg,242,74,452,393,Chocolate cyst
441_JPG.rf.33d7ab659277d17f58d85b4c51d3275f.jpg,193,103,359,416,Teratoma
1305_JPG.rf.357bb73d6565aa15abbcc69cf807f658.jpg,129,17,438,394,Teratoma
907_JPG.rf.393a25a11cf79bea606c3035a9e4dae0.jpg,145,24,440,504,Chocolate cyst
402_JPG.rf.334cc344def01ce20f589c4726b6426c.jpg,180,125,393,337,Teratoma
721_JPG.rf.3401183558c14002f212297c6f16a36f.jpg,121,155,394,345,Chocolate cyst
54_JPG.rf.355deb21ebc2a3bc4666c1b3410271a0.jpg,165,55,487,372,Teratoma
1386_JPG.rf.39e07dd0f26b007d952044339ef413cc.jpg,260,211,414,499,Serous cystadenoma
1355_JPG.rf.33b1b1a771db05f59f4831e58d12e3f5.jpg,211,17,492,453,Serous cystadenoma
1142_JPG.rf.39c3d23abadc236c32b0c618ccda6c88.jpg,285,161,422,408,Chocolate cyst
1414_JPG.rf.38703e4d4e09b93ea5b27fd97f92095c.jpg,273,109,478,407,Teratoma
1320_JPG.rf.377f46f31a2cc8d712ddbc014f51c206.jpg,21,44,550,414,Mucinous cystadenoma
1431_JPG.rf.347c3503977c922bebae23c617e078d9.jpg,197,141,326,352,High grade serous cystadenocarcinoma
1057_JPG.rf.381fa549d5a2cbb28d388c96fa8905f0.jpg,181,91,400,299,Teratoma
910_JPG.rf.33b2822721d2321a52a6cbdd28efbde4.jpg,240,233,365,453,Chocolate cyst
475_JPG.rf.3a2bdcd96c417a370c91f343734a255f.jpg,169,185,441,530,Teratoma
1257_JPG.rf.2e1dff4dee3952a402b6052335569cfe.jpg,128,74,568,450,Teratoma
1290_JPG.rf.3801643cf2c795499a6674f50158002b.jpg,140,12,457,420,Serous cystadenoma
1153_JPG.rf.3740f4035d27cc4712f89a4e225aaa80.jpg,142,3,476,334,Teratoma
754_JPG.rf.3ae02f912a281b5583f42dfeb2243025.jpg,185,94,472,445,Teratoma
1092_JPG.rf.3aac538f173e39f57ddd7a35d325d4a8.jpg,157,186,590,442,Chocolate cyst
1008_JPG.rf.2aefb74da1abef6858a8658d8b3129fc.jpg,277,215,376,361,Chocolate cyst
1440_JPG.rf.358651368bf01bddf3f27acf1dc51203.jpg,241,90,430,257,High grade serous cystadenocarcinoma
942_JPG.rf.39bfe0c242a835a5f3c88a4b5fd44060.jpg,146,344,324,494,Teratoma
1134_JPG.rf.3b7429df69170adf0fc6890754b6573a.jpg,99,74,544,349,Theca cell tumor
939_JPG.rf.3a3f51097f9fcf51cadad53eb03df13d.jpg,238,106,395,276,Teratoma
991_JPG.rf.3cbd57cb40061695c34fe59134e1df36.jpg,109,107,472,415,Teratoma
779_JPG.rf.2f95579e5acbe9cb056c1af02360ce61.jpg,220,121,493,310,Chocolate cyst
1163_JPG.rf.3bb67899f10cd70a57a6fd65129cffd0.jpg,211,171,426,523,Chocolate cyst
31_JPG.rf.3c09de843ea34b170e30439b32b4136d.jpg,80,114,493,403,Chocolate cyst
937_JPG.rf.3c0bc8241c144a98c8e14f3f438b2818.jpg,228,93,487,287,Teratoma
1101_JPG.rf.3d6e1249d937c0ec4c452ef89b8c0385.jpg,161,24,284,204,Chocolate cyst
1263_JPG.rf.3c6bd9aaf8c2961e22714333faa86755.jpg,213,41,536,543,Teratoma
15_JPG.rf.3da02fdd558846e9e7c50bbdcd533de2.jpg,219,95,416,324,Chocolate cyst
1146_JPG.rf.3e19dd9852f7a11d2028dfdb1aa722ad.jpg,272,211,488,592,Chocolate cyst
38_JPG.rf.3bca45a24e52687e88eecac679d3c919.jpg,194,77,411,246,Chocolate cyst
1042_JPG.rf.3ef00a1d13d2a0363a9a27efcb190b63.jpg,230,115,458,438,Teratoma
305_JPG.rf.3eb6b41c00510e36795cb802a6874d57.jpg,186,108,526,369,Teratoma
936_JPG.rf.401c42770f553852abcf0d31a982f2f0.jpg,240,87,487,268,Teratoma
654_JPG.rf.3e25e1b8bf134b5e7c15f13ed00f00b9.jpg,79,144,496,506,Teratoma
9_JPG.rf.3f3945004f8b6edefd6e3cda39e20c97.jpg,53,185,528,485,Chocolate cyst
1055_JPG.rf.3fb3cdf356761af4d72e6c4081907cb7.jpg,28,114,528,403,Theca cell tumor
35_JPG.rf.3d45dc3a86794f4e22139453e5125f0b.jpg,79,75,639,445,Chocolate cyst
929_JPG.rf.40d06de5ad6bd50642c49bcc94172625.jpg,247,131,465,296,Teratoma
329_JPG.rf.3a3ce25b696508025f75d152a32cd959.jpg,227,191,357,389,Chocolate cyst
329_JPG.rf.3a3ce25b696508025f75d152a32cd959.jpg,212,97,309,219,Chocolate cyst
1214_JPG.rf.3e407f507407bfb7f4e1a1d52de5b93f.jpg,254,103,437,455,Chocolate cyst
640_JPG.rf.3f1ea5ac558f3c63750fdae25e91b9fa.jpg,324,123,509,461,Chocolate cyst
260_JPG.rf.40d915eb2acfed2d13be2d0e1f76ecfc.jpg,20,131,450,424,Teratoma
739_JPG.rf.438cc99a4b179ae917c562683124008a.jpg,256,136,422,241,Teratoma
1292_JPG.rf.4750c26ac5e73d9f067509b7676d1e34.jpg,140,14,457,421,Serous cystadenoma
1089_JPG.rf.3f25915e2c7c49e061a6a19026822c68.jpg,0,78,591,487,Mucinous cystadenoma
273_JPG.rf.403102f6bb6b2e0c04110b46e6b4b26a.jpg,262,159,479,449,Teratoma
1262_JPG.rf.45e44b26480129ecd24e899416eca9c3.jpg,141,45,486,500,Teratoma
859_JPG.rf.44dabd86846ac84fd4329e39dcd90bc1.jpg,150,83,463,391,Teratoma
1012_JPG.rf.4659d6950034425450c9361e90c15703.jpg,4,131,344,439,Simple cyst
102_JPG.rf.44e4dfcf0ebf2952dd35a4ad7c1fbcb3.jpg,167,41,416,484,Serous cystadenoma
396_JPG.rf.4766dbad2ce58c3907ff023432c378bb.jpg,170,90,419,358,Chocolate cyst
1426_JPG.rf.40caa1e591977c7c09caa0c9b1bc3fea.jpg,199,38,469,379,High grade serous cystadenocarcinoma
924_JPG.rf.431b581c73f3e873fa4b0f116bda79ed.jpg,136,110,297,255,Teratoma
575_JPG.rf.41dba8d5d69804fadda8e48707a008a4.jpg,235,182,453,254,Chocolate cyst
948_JPG.rf.481bf4ca787f572e7acfea397a410091.jpg,357,327,545,547,Teratoma
1071_JPG.rf.45bf69cb73af91d0922b530c815e4714.jpg,114,97,468,449,Teratoma
328_JPG.rf.45eaf310639c127a300f7d82ac5041e8.jpg,275,168,339,281,Chocolate cyst
1162_JPG.rf.495095d768ff6adf2662061b56f52bc8.jpg,16,17,309,395,Chocolate cyst
1251_JPG.rf.4909d85329bb1f22ec2bb942988224be.jpg,78,218,568,529,Chocolate cyst
1337_JPG.rf.43d7e4b0293dbd3bc527ebfcba84878a.jpg,165,6,466,537,Teratoma
1036_JPG.rf.43e0c7e8ab645723b02cdce438a795c3.jpg,238,73,372,280,Chocolate cyst
1124_JPG.rf.4a0915049fa54921f91cc75d0e660154.jpg,35,14,572,372,Serous cystadenoma
1271_JPG.rf.48d9091e97f5642d96f67167c627498f.jpg,217,83,439,476,Serous cystadenoma
1380_JPG.rf.4893be3333d998dfc77217a718c5e72b.jpg,180,81,510,375,Serous cystadenoma
1361_JPG.rf.49785fbc3fa20eb44d0ebc7e0d1367e5.jpg,91,68,552,430,Chocolate cyst
812_JPG.rf.4bb3303ae4b05cf333cdbca25b087516.jpg,153,64,483,361,Teratoma
1438_JPG.rf.4a3dff7898cdfda032d3a91da0b1496f.jpg,152,179,424,430,High grade serous cystadenocarcinoma
68_JPG.rf.4a42a321db48ebff7688e341ae630fdc.jpg,226,198,414,429,Teratoma
1241_JPG.rf.4ca04ca7dd58dda3b0c29018c5d5cc7c.jpg,170,51,450,551,Teratoma
1059_JPG.rf.4b97925bf34daee5bb0cd6700853141f.jpg,19,81,628,542,Teratoma
79_JPG.rf.4d14bbf2e1646fc1c050181c7b4c87d1.jpg,237,128,389,372,Chocolate cyst
725_JPG.rf.4b2beaa7d5d5d471c697e0e129b00fe9.jpg,35,80,620,444,Teratoma
51_JPG.rf.4cf93e8ea96abf3cbc22d472c28c2845.jpg,170,101,413,417,Teratoma
1099_JPG.rf.4d3e6909d47a3be234b7c9bd91db4218.jpg,265,78,488,382,Simple cyst
1367_JPG.rf.4c1c2740791bdd5896783affb67cd103.jpg,150,137,465,607,Chocolate cyst
55_JPG.rf.4bfe64f23151a155f221b7c5df51bfd3.jpg,44,64,608,361,Teratoma
776_JPG.rf.4af864f5dd4dc989e1e093a277397a38.jpg,133,47,404,424,Teratoma
443_JPG.rf.4f8a969fe83aa00c7ad0e7546ca34f7b.jpg,170,17,487,385,Teratoma
738_JPG.rf.4d7af2e83bb3f19fa00660fe52e0fae1.jpg,294,111,405,216,Teratoma
1138_JPG.rf.4f8cee972f4832534355dadee4b34093.jpg,207,65,416,406,Chocolate cyst
1129_JPG.rf.4fc9002cc75ee823af4ecc11a3cace44.jpg,20,29,438,421,Serous cystadenoma
48_JPG.rf.4f4f6c3d522aa14b60cdeea68b3ed388.jpg,51,40,474,469,Teratoma
952_JPG.rf.4fdc52e89c33158f0dbbb41d463134b5.jpg,137,341,442,517,Teratoma
130_JPG.rf.4930cf95ee80674b49ff0f795099af8f.jpg,162,32,481,521,Serous cystadenoma
1358_JPG.rf.4f3ff3b53306c5d29d15615986514113.jpg,32,58,616,452,Serous cystadenoma
240_JPG.rf.4ea09f0e920a4dfb44cf292ef25ec3c2.jpg,47,92,518,470,Chocolate cyst
17_JPG.rf.508f3f90bf3ba63e308f0728a4dde16b.jpg,214,105,408,322,Chocolate cyst
846_JPG.rf.52c7ef14db95674a781ff1d1c6c6039e.jpg,234,146,423,448,Teratoma
375_JPG.rf.4f5ec59d4880b32c8724fcbdebff034b.jpg,76,184,488,511,Chocolate cyst
131_JPG.rf.4f59127f076e637393c1da11425968e0.jpg,76,147,639,572,Serous cystadenoma
747_JPG.rf.4f020a598cb7685f58f2cfe464eeb055.jpg,57,74,502,385,Teratoma
1307_JPG.rf.4ea2af29be676cf3724d7c3fc57e14ef.jpg,205,315,373,536,Chocolate cyst
290_JPG.rf.530bcb4a8ae6de001c7e798132c9dba0.jpg,185,193,515,392,Chocolate cyst
525_JPG.rf.49f194b5e2be9cacfdff37e67bc03ecf.jpg,172,147,410,393,Teratoma
377_JPG.rf.538fa95f91eda5d2b76e76484a33b8fb.jpg,8,171,217,476,Chocolate cyst
432_JPG.rf.5136839ca66ff4e402f435bd4f49a84a.jpg,99,71,567,365,Chocolate cyst
1304_JPG.rf.54495b83abcb584c466c4a0555202e92.jpg,173,72,453,558,Teratoma
1446_JPG.rf.5424d9d462e54619443efde5bf49da9e.jpg,46,74,375,351,High grade serous cystadenocarcinoma
734_JPG.rf.55303f79981032fbee7e700842e98a77.jpg,105,133,471,380,Chocolate cyst
262_JPG.rf.54f12ec2491afa878b50baedf74293bb.jpg,101,81,623,434,Teratoma
862_JPG.rf.5439e5b8499b5fe24631ebecdcd4f384.jpg,276,134,430,307,Chocolate cyst
1047_JPG.rf.3a27a73f10d04b88d4ac85946a001dd3.jpg,164,100,489,462,Chocolate cyst
1172_JPG.rf.5608b82be060c5fd712fd928388d3346.jpg,131,173,597,602,Mucinous cystadenoma
635_JPG.rf.562e82901bc06d41848da3bf0341f563.jpg,155,153,281,227,Teratoma
436_JPG.rf.55a35d02c92b4aad762ac85a2e0e0cf6.jpg,176,40,467,461,Teratoma
1206_JPG.rf.55ff33e14ec183cda739b5a273e16dc5.jpg,313,18,478,364,Chocolate cyst
1374_JPG.rf.5532126fb93b25784eb092e19f5c6f79.jpg,171,24,450,548,Simple cyst
28_JPG.rf.5590c04d95425fda6cce3a4fa13a3588.jpg,340,145,450,407,Chocolate cyst
28_JPG.rf.5590c04d95425fda6cce3a4fa13a3588.jpg,136,122,330,492,Chocolate cyst
16_JPG.rf.563f02472e006062bbb20537e0c2be22.jpg,199,94,410,319,Chocolate cyst
714_JPG.rf.580b93c76d86ecb6a61e8985beead17b.jpg,85,79,506,573,Teratoma
32_JPG.rf.5cec23c92bfaf3f3c3b24aaf7c36c9c1.jpg,130,100,450,482,Chocolate cyst
1218_JPG.rf.5a4200342117574efd06c7a6eeca2465.jpg,224,81,430,365,Simple cyst
1247_JPG.rf.58d5268f8ac65e1362ac73b1190db744.jpg,161,133,377,450,Chocolate cyst
1370_JPG.rf.56eaba1c1d73f9f957d0e87fe3721649.jpg,181,113,507,355,Chocolate cyst
864_JPG.rf.59f23b8151c64bdbc1e55f3ba6b3f291.jpg,140,43,444,457,Teratoma
263_JPG.rf.56c3e338830f52b8355244eb77b3969a.jpg,87,113,620,449,Teratoma
1219_JPG.rf.596d22c04bbf6695181cbdde24c0fdc9.jpg,186,81,470,362,Simple cyst
1362_JPG.rf.5860e65c33a96ebeaa4f35e67e7c134c.jpg,215,65,445,444,Chocolate cyst
1428_JPG.rf.5c878a00ff2a8b8c0e6507497530f507.jpg,210,142,458,453,High grade serous cystadenocarcinoma
1439_JPG.rf.59797cbe9b53195e0068bf971c684a58.jpg,249,118,444,423,High grade serous cystadenocarcinoma
83_JPG.rf.59c7062c2ebecc55811365d2f810c108.jpg,86,106,522,365,Chocolate cyst
1250_JPG.rf.56f07135035ea2c27c26f7f9026d23f9.jpg,100,253,555,538,Chocolate cyst
446_JPG.rf.5960f6dbd427145fc8e1533a478ba0d1.jpg,36,133,613,546,Chocolate cyst
100_JPG.rf.5a934f23c4b5d2f20d1a2b4d908b1c12.jpg,188,58,456,498,Serous cystadenoma
139_JPG.rf.569aaafa73c30077313c98008aafa7be.jpg,71,4,366,454,Serous cystadenoma
118_JPG.rf.57fd0e9d1d652f8cc996a31cc08e747d.jpg,19,99,593,563,Serous cystadenoma
47_JPG.rf.5cec0535b0638e17349eba5e442cea23.jpg,140,30,550,435,Teratoma
781_JPG.rf.5bf010da9af89f33037f561547c16131.jpg,156,109,576,352,Chocolate cyst
1181_JPG.rf.59c0aa5030495449e23498e00b79b88d.jpg,174,66,435,526,Theca cell tumor
969_JPG.rf.5b7c3ad0a45aa3cfb71587b3993c8ade.jpg,141,80,480,575,Teratoma
287_JPG.rf.5ed6a638b6eadb3bc009f4ef8c44edbb.jpg,214,136,447,429,Teratoma
643_JPG.rf.5bc39ab1f99713f4d7a826aa184c6d6e.jpg,332,88,544,419,Chocolate cyst
1424_JPG.rf.5e44990825d443dd3331c78b02c68657.jpg,216,102,363,451,High grade serous cystadenocarcinoma
1193_JPG.rf.606b3e2711774f5f3096d72a66a4d9b1.jpg,4,95,406,445,Mucinous cystadenoma
810_JPG.rf.5dc6a216ae211474e9e62b32d75e0461.jpg,164,112,408,341,Teratoma
949_JPG.rf.5e3b4402d435586db216f9faa8464440.jpg,8,86,239,411,Teratoma
233_JPG.rf.5efa68f3dd24263791ac07facafbc90e.jpg,48,133,393,330,Teratoma
861_JPG.rf.60aa16d7cfbff6c49f3c8402b32cbf73.jpg,129,68,516,483,Teratoma
972_JPG.rf.5e80de6d0051b9b0a5a07c7533c23fbe.jpg,162,141,315,260,Chocolate cyst
1184_JPG.rf.608447688c7f21f9be8c88881f2f33f4.jpg,164,73,432,514,Theca cell tumor
1332_JPG.rf.6150bc3d1370d4c3f8b6a28ab828463c.jpg,76,4,556,407,Teratoma
1_JPG.rf.6311000475c9d5e9287ee0950983f2fa.jpg,186,81,304,358,Simple cyst
858_JPG.rf.61af04ec428a491e443a32ecd7f46296.jpg,212,153,346,361,Teratoma
381_JPG.rf.62c783c3cbd762635ca043235c71e0c6.jpg,102,142,483,489,Teratoma
1019_JPG.rf.6345deab4287b599826a993cde3f01c1.jpg,175,136,528,448,Teratoma
912_JPG.rf.62aa8aa98a1af6405be9709a18844150.jpg,296,178,356,307,Chocolate cyst
886_JPG.rf.5f7368f5a936ae9f89d10b7eff96db07.jpg,194,121,445,375,Chocolate cyst
219_JPG.rf.6203cc8f7d3c08cc49a9d1b5c2ce6ed6.jpg,81,93,496,583,Chocolate cyst
382_JPG.rf.600f5789e8f2b321836b340be6ce4220.jpg,151,169,536,504,Teratoma
1347_JPG.rf.5f3677b06aa008795ce7287cd0e2c663.jpg,158,195,408,356,Chocolate cyst
208_JPG.rf.5fb075d3106028c90cb4392d2d9d880e.jpg,252,301,358,441,Chocolate cyst
189_JPG.rf.6285552b8cfb52cde2aad934f3dde53b.jpg,200,237,454,598,Chocolate cyst
637_JPG.rf.629e82e262179d0bf7b9f28d7b3c4064.jpg,175,142,314,277,Teratoma
147_JPG.rf.62782ad7644a9758d2d00f95f189d54b.jpg,302,40,462,321,Theca cell tumor
1100_JPG.rf.631277a9a1e6f5270f35510f27c83d34.jpg,236,119,367,370,Teratoma
335_JPG.rf.61ae5f62cba6c8a0834e9135a48eee82.jpg,146,68,403,477,Teratoma
999_JPG.rf.631fd96e3c83f7ec2078197e778be893.jpg,178,87,444,402,Teratoma
719_JPG.rf.639e5d76c76e0d36f859a83e5dc78e66.jpg,98,125,371,315,Chocolate cyst
1011_JPG.rf.637d971c3cf0cb8974f74b1233d1bc24.jpg,231,131,628,403,Simple cyst
741_JPG.rf.b4be8f8dc2c7db42a163475e2ab5a91e.jpg,287,130,370,242,Teratoma
1365_JPG.rf.b6a16bf37199100ae1099fdb1f744983.jpg,260,96,434,384,Chocolate cyst
518_JPG.rf.b0a1885ba193e1acd3e800b615875807.jpg,202,92,454,415,Teratoma
1331_JPG.rf.b675b24c8852b22167a6a66d431b749c.jpg,1,121,408,409,Chocolate cyst
1255_JPG.rf.b6aada7116dc681e2399df96effdcce8.jpg,155,73,386,480,Serous cystadenoma
264_JPG.rf.b662c7bca48ef0e686102b3070e05482.jpg,104,88,544,381,Teratoma
541_JPG.rf.b7a940272c845048cce19a7aa6006b88.jpg,233,151,470,484,Chocolate cyst
1376_JPG.rf.b6472dcbf1e977f37710003360e6f0d8.jpg,224,69,443,491,Simple cyst
351_JPG.rf.b7bda1748b59e4d5ae1e054f67df0ee0.jpg,231,160,410,255,Teratoma
1058_JPG.rf.b86a9cb13f00b08a1aa283a58d71e1ce.jpg,61,71,593,549,Teratoma
1391_JPG.rf.b976a95ee67134fd5c2df5b989c17d73.jpg,109,73,337,271,Teratoma
766_JPG.rf.b8d9945f11d4fa9c8a716266404890e7.jpg,168,183,446,397,Teratoma
1147_JPG.rf.b981376ad31cdfb2ae6605ef20a76481.jpg,288,272,505,586,Chocolate cyst
40_JPG.rf.b99c87a8d887f61c9b1193761ee00590.jpg,193,73,415,241,Chocolate cyst
1103_JPG.rf.b636ad3594070d42ef48d763cdea54c7.jpg,173,117,262,353,Chocolate cyst
534_JPG.rf.b97a3044244f6cd3876cd1fca9a44349.jpg,183,83,321,355,Teratoma
945_JPG.rf.b9f4f84b885911b76cc87411f57e5d02.jpg,21,87,293,407,Teratoma
1020_JPG.rf.b44212ca4d840fefc8a50648c8fc6e53.jpg,96,137,452,429,Teratoma
844_JPG.rf.bbc73a39292e912f50984997912288f4.jpg,201,119,405,401,Chocolate cyst
818_JPG.rf.b45be2fb90dd8944dab99be843c17a7b.jpg,165,87,461,399,Teratoma
1259_JPG.rf.b60e662454a8bc425e7d99007c99ac92.jpg,263,138,402,311,Teratoma
970_JPG.rf.bbd98fef72f10c3090e47b8906b11d4b.jpg,144,81,489,570,Teratoma
1159_JPG.rf.ba4d22c5b0b5771bb043ca242acc7051.jpg,12,0,637,440,Teratoma
1186_JPG.rf.b469821e6b7c21ba62c40dbe94bb56ac.jpg,169,77,426,567,Theca cell tumor
374_JPG.rf.bcf83768b3bb6c1a54ecbe2ac91459e3.jpg,152,201,493,508,Chocolate cyst
638_JPG.rf.bbe426d36a980135e58caaf2fcc616bd.jpg,154,158,321,278,Teratoma
18_JPG.rf.b1d98c09ca2dea7b93cda8ef2dadff67.jpg,141,149,408,562,Chocolate cyst
1248_JPG.rf.b513b548d0b32df4a4ed3e953aef5363.jpg,174,98,389,421,Chocolate cyst
1037_JPG.rf.bef9db56fe3d61d5701a67428924f221.jpg,93,59,467,441,Chocolate cyst
1073_JPG.rf.bf39c04d84bb1f007d7a7244e9deb02b.jpg,164,16,499,491,Teratoma
843_JPG.rf.be6ae36b6ee46132f5265a590233aec7.jpg,268,134,446,443,Chocolate cyst
1348_JPG.rf.c0892104e5066549c7e622a5908862e8.jpg,238,139,496,342,Chocolate cyst
763_JPG.rf.b42fefd60d7b47b8232e347a112675cf.jpg,133,206,387,406,Teratoma
1401_JPG.rf.bd6f4fbb6777f89cc9fb491641a72849.jpg,272,100,412,281,Teratoma
434_JPG.rf.c0994d736d7e700fabbb27dc356ff42c.jpg,154,61,511,527,Teratoma
901_JPG.rf.bd9fef20aa492971cc7d8be0f7543fc0.jpg,121,133,600,488,Chocolate cyst
1281_JPG.rf.c038a244bbcb145aa2fa1d98dd4ae517.jpg,217,73,417,343,Chocolate cyst
1429_JPG.rf.bc7acbe6a1bb5c2776a59574009b4b08.jpg,246,188,365,354,High grade serous cystadenocarcinoma
1072_JPG.rf.be2197f1f6c0e1d52e64e2db7bc83291.jpg,132,50,495,455,Teratoma
1350_JPG.rf.b3ff7c7fbd41e622843fc5d07996ad70.jpg,188,126,265,269,Chocolate cyst
857_JPG.rf.c0604ef107eb247eb66995beccb48eb8.jpg,259,158,410,386,Teratoma
1195_JPG.rf.c11fd0de3ee328d00394fe4811a7e620.jpg,101,46,366,488,Mucinous cystadenoma
46_JPG.rf.c302c2760b4faff03b6f380d1b3c13a9.jpg,117,43,571,442,Teratoma
1041_JPG.rf.c32883c1ef3e3482153fdd62990ecfc2.jpg,152,154,502,538,Serous cystadenoma
85_JPG.rf.c22606c5a75bdec6de36e4d6cc1081c4.jpg,214,211,305,342,Chocolate cyst
1083_JPG.rf.c2994780eb2dbb5c63c7c54dcb90c0e5.jpg,240,220,436,515,Teratoma
710_JPG.rf.bff01259ef23e71754af1e312c5720eb.jpg,199,144,479,392,Teratoma
1096_JPG.rf.c106eccd77d94a3a32ced5fde75bfbf4.jpg,202,17,485,376,Chocolate cyst
125_JPG.rf.c165bf4dc2e7f0f501073e255e94e078.jpg,73,126,464,419,Teratoma
423_JPG.rf.b2477144342b183c9a5d53610e02125d.jpg,204,122,408,427,Teratoma
527_JPG.rf.c2e5dc022eee904005d3dda1053350ff.jpg,4,84,624,406,Teratoma
1091_JPG.rf.c369d8806023a48dc05e3490455212d4.jpg,262,164,431,398,Chocolate cyst
1325_JPG.rf.b4a402c93e14cc649f83ae71973085d7.jpg,5,101,584,630,Chocolate cyst
1051_JPG.rf.c330a27e39db8ad4d3b36505286f7bd1.jpg,201,77,452,451,Serous cystadenoma
849_JPG.rf.c3fe316111306f6b8f0dae225ab4829d.jpg,181,45,463,473,Chocolate cyst
1024_JPG.rf.b471c0b8626f5f9816b7ee92cb560c63.jpg,262,72,435,230,Chocolate cyst
10_JPG.rf.c516b21a667bed8889b7a3e0a8b08fb2.jpg,117,107,493,313,Chocolate cyst
330_JPG.rf.b3afc2a4f79679ceda5c4533475aeeb1.jpg,233,169,361,366,Chocolate cyst
481_JPG.rf.c4fe2406a372f99b715df1564bb28414.jpg,273,99,483,453,Chocolate cyst
488_JPG.rf.c58fead105f9b7264c840595b1256c46.jpg,74,89,631,360,Teratoma
1260_JPG.rf.c563f8999c93e4f43315bee6730e9243.jpg,158,46,472,414,Teratoma
716_JPG.rf.c474a37ff6f28575d38ad77069d72e86.jpg,305,187,503,292,Teratoma
1128_JPG.rf.c5949b7343681b5d933a9870605b0eee.jpg,15,29,433,423,Serous cystadenoma
1295_JPG.rf.b755937ee394a30a0e9c51288a0516e1.jpg,248,24,456,265,Theca cell tumor
1239_JPG.rf.c5ffb0c4c2541eb2062c59f5b52fcc98.jpg,40,93,547,479,Simple cyst
869_JPG.rf.b113fed3c4ddd6184b6d615662857ee2.jpg,282,120,358,235,Teratoma
555_JPG.rf.c809df6f9f5a17d63cda327de267fb42.jpg,248,266,372,388,Teratoma
1240_JPG.rf.c72bbd59ec8f31e28dcbe49023caa3d9.jpg,175,49,464,539,Teratoma
1234_JPG.rf.c901790fa2fda05baab35739ca4b0d9f.jpg,127,10,557,507,Chocolate cyst
926_JPG.rf.b1c96dc071286443dc2861d535ff7da0.jpg,257,136,345,286,Teratoma
720_JPG.rf.c5d07bb5f626af311a4c2f098593a65a.jpg,99,125,371,320,Chocolate cyst
517_JPG.rf.c6c73ec0843e692304c8b23c508c58a8.jpg,210,74,479,522,Teratoma
1412_JPG.rf.c9a87b61891e99e641af7b8bb41c038f.jpg,234,39,406,307,Serous cystadenoma
539_JPG.rf.c9c57639243a0e9c8106bcee31e53b08.jpg,34,193,535,492,Chocolate cyst
1311_JPG.rf.b758a5ef75fb518d86ef1a183a55b9ef.jpg,123,58,492,500,Teratoma
1025_JPG.rf.b6ee730d792633ef1e7f17c4233a1e53.jpg,261,83,401,239,Chocolate cyst
314_JPG.rf.ccaef5c84a8791ee0236fc38591706b9.jpg,55,97,629,448,Chocolate cyst
1167_JPG.rf.caf917fd0abd7ebcc6d18a8036efb728.jpg,139,155,454,353,Chocolate cyst
1217_JPG.rf.ccf84f456fb0c8137f36761c1b384d63.jpg,248,268,331,351,Chocolate cyst
1369_JPG.rf.cb3f898c6ec8f9ba004d4529169d5db1.jpg,0,101,633,559,Chocolate cyst
655_JPG.rf.cc2729193373241380bc2f88e67570d9.jpg,59,130,573,494,Teratoma
1060_JPG.rf.ca3b398788f25bceee1b2e2e9b827246.jpg,231,87,420,396,Serous cystadenoma
1312_JPG.rf.c5aad6759bce56486f395cee2461d22f.jpg,133,55,503,485,Teratoma
1377_JPG.rf.cd2bf580c90aefe23ab657da9a3dd7e4.jpg,323,147,395,267,Serous cystadenoma
927_JPG.rf.cb353cb3e4bf234e4806db9d6082b23e.jpg,127,106,300,270,Teratoma
842_JPG.rf.ca8d1192e4b013865b301395067d0799.jpg,324,143,497,467,Chocolate cyst
389_JPG.rf.cd6ae94feed56bef0bb3483383faf60e.jpg,187,98,409,439,Chocolate cyst
799_JPG.rf.ca7942a4509e07505e14ab5c0a54c55f.jpg,229,162,384,402,Chocolate cyst
1317_JPG.rf.cd751782cb9eaaa43faaed92fd3489a6.jpg,9,44,572,421,Mucinous cystadenoma
1270_JPG.rf.ceff22f67ecaad86b0b808d921eb401e.jpg,146,99,543,468,Serous cystadenoma
1285_JPG.rf.c629f9018f4d514923b4133a17ebdada.jpg,279,181,416,335,Chocolate cyst
109_JPG.rf.cc71540ad0501d0134607bc3c635d03c.jpg,243,119,362,294,Simple cyst
182_JPG.rf.d22efb2117894e48c6acdb1a81bd24bf.jpg,192,45,452,444,Teratoma
56_JPG.rf.cfb09a6ece5e09ec66ff5d19db953655.jpg,157,128,396,473,Teratoma
1108_JPG.rf.d1911ed1c0bb0fa646a842a7f911a00f.jpg,224,67,438,401,Teratoma
1135_JPG.rf.ce9bf81d7a40155f966a00280fd4cf91.jpg,64,100,584,451,Chocolate cyst
578_JPG.rf.cebe3d88eac7d117beb77a9604ff1139.jpg,55,206,537,556,Chocolate cyst
1090_JPG.rf.d1cebf6bfca7efa00c1cf9b70e677d93.jpg,234,97,517,346,Mucinous cystadenoma
1021_JPG.rf.d526c7af501bf03ba01c8111314c099d.jpg,132,129,414,370,Teratoma
166_JPG.rf.d29d5f64c53ff51908d35b00c5610c82.jpg,159,276,325,374,Teratoma
309_JPG.rf.cc5fb78aaae29030017182002a932f71.jpg,198,135,522,394,Teratoma
1199_JPG.rf.d130ed162a8f56d0de3d5eb98ee51162.jpg,227,122,412,403,Chocolate cyst
524_JPG.rf.d3dc46d7da1024a94f6a805212775be7.jpg,127,61,480,438,Teratoma
1080_JPG.rf.d43558c468e135ce3a4426908ebd1706.jpg,227,67,389,318,Teratoma
52_JPG.rf.d5626647af3fac27687d6d1e25c25dcc.jpg,200,57,441,326,Teratoma
580_JPG.rf.ce8cd5ebb23a69e19a06f25132c79a2e.jpg,75,199,539,556,Chocolate cyst
449_JPG.rf.cef6421f0838a3f9c4647453f9bef73f.jpg,257,279,349,382,Chocolate cyst
461_JPG.rf.d6602f08d09a43230e8becbd5f97aa65.jpg,199,29,417,335,Teratoma
1143_JPG.rf.d61a61d33e0d4d86218943146bb5f7d9.jpg,243,176,381,429,Chocolate cyst
908_JPG.rf.d43162e7f631a7d8ef1c9ce33910cb93.jpg,0,43,486,475,Chocolate cyst
938_JPG.rf.d6a6d777b6cfd84499d69e5d7e854cad.jpg,281,90,504,309,Teratoma
86_JPG.rf.d48c2dc94adc447a6c214d126beba424.jpg,218,104,453,383,Chocolate cyst
1463_JPG.rf.d4f523dd735db6a43d7f73cfbf495acb.jpg,222,169,348,348,High grade serous cystadenocarcinoma
974_JPG.rf.d5d9d72e06d16d9f4538799f7b3598bb.jpg,179,158,317,267,Chocolate cyst
200_JPG.rf.d6a7203a20f915e883be62caa13a9354.jpg,3,129,481,511,Chocolate cyst
172_JPG.rf.d6bccbf276441304425eaf50331737b6.jpg,175,120,346,425,Teratoma
1330_JPG.rf.d55fefffcc99197687daeeaf2782b4f0.jpg,185,113,558,393,Chocolate cyst
768_JPG.rf.d927aaafa92dc45c81cbd65b851f3a15.jpg,127,137,456,405,Teratoma
933_JPG.rf.d1b912ba8593e1254338e47c6e0ee8a3.jpg,154,84,459,294,Teratoma
267_JPG.rf.d800a8a7bd57668e23ac238b224d92ab.jpg,141,141,548,440,Teratoma
1353_JPG.rf.da85397721c6df1e2a79677121c2f3f6.jpg,212,34,436,365,Serous cystadenoma
1266_JPG.rf.d7a43acf4f6d8f1a62941e69e4717a49.jpg,265,261,366,402,Chocolate cyst
1266_JPG.rf.d7a43acf4f6d8f1a62941e69e4717a49.jpg,281,155,431,335,Chocolate cyst
448_JPG.rf.d81bf6a2f060c2ec725aa19e756ba42d.jpg,260,276,355,390,Chocolate cyst
1336_JPG.rf.d91775775335111b724cb28a7139bc92.jpg,303,5,522,294,Teratoma
748_JPG.rf.dacdc4132362f04db6be83f8371c67ff.jpg,143,104,520,392,Teratoma
1045_JPG.rf.d93c4fa327897e82d07e32beaf0e303a.jpg,162,121,501,445,Chocolate cyst
292_JPG.rf.db14d84489ee8b8837cda323e3d6f766.jpg,191,179,438,435,Chocolate cyst
1056_JPG.rf.d9bf74597cb700beca8a2c299466a692.jpg,212,67,466,317,Teratoma
1287_JPG.rf.d4b2977d74fd2933e9a40e0453b508ef.jpg,241,155,394,414,Chocolate cyst
1216_JPG.rf.dbde80e1e8f856be12642a4f740c5b87.jpg,230,200,337,325,Chocolate cyst
1176_JPG.rf.db4b2fd28370be177382ad5b06b5279e.jpg,121,6,341,244,Mucinous cystadenoma
706_JPG.rf.dbe2b04e06db14fd74d36fa8d301dc52.jpg,144,200,445,453,Teratoma
1387_JPG.rf.db7d519ab489d67714c4cb46d4544157.jpg,289,176,556,481,Serous cystadenoma
1408_JPG.rf.daff2acc24d0f12c906d98e20865d53c.jpg,130,48,489,489,Teratoma
1132_JPG.rf.d16a8239756f32f380524654ad0fb75b.jpg,293,172,369,262,Simple cyst
642_JPG.rf.dc2f467f0eef1d5ad80f8000f0ab1b18.jpg,337,39,499,323,Chocolate cyst
380_JPG.rf.db9d420aec86080865e1cf1fb699cc34.jpg,103,142,487,488,Teratoma
733_JPG.rf.dc1bea155d85e410889aa203477b4558.jpg,121,123,439,391,Chocolate cyst
388_JPG.rf.dd12b59c5161234c0e175522e25c9346.jpg,281,138,482,461,Chocolate cyst
634_JPG.rf.dcfa7b4a69c893548ea5d8ec17396ede.jpg,166,158,296,255,Teratoma
718_JPG.rf.dc8728ad4ad8de0d6a225ae4edc8d557.jpg,355,191,495,285,Chocolate cyst
1064_JPG.rf.deb12ff7fe6615f70a57e5a40853ac94.jpg,216,80,414,404,Teratoma
1243_JPG.rf.e0b58aca85c5c219ba1e6a1e0d2e5c6e.jpg,93,24,342,445,Teratoma
1032_JPG.rf.da6305012d6a3b455dce15927f7683b4.jpg,200,203,342,368,Chocolate cyst
1373_JPG.rf.e0656280695fd7dae468fb05b1f0fd81.jpg,132,118,548,422,Teratoma
104_JPG.rf.dd68e2835d67e44382afa6cd5f257033.jpg,129,143,419,547,Serous cystadenoma
8_JPG.rf.dbddfb72e1ea29a540b305d1c4c9995f.jpg,167,165,416,471,Chocolate cyst
934_JPG.rf.e1361660ec6b0f310a35b13054da1370.jpg,153,89,444,261,Teratoma
487_JPG.rf.e0d9d5ace135014994a190207806d0eb.jpg,53,65,606,348,Teratoma
1297_JPG.rf.e13f6555b2665e64cae23104eaf2f8d1.jpg,266,220,487,577,Chocolate cyst
268_JPG.rf.dea7fd77a8971691d5c6628053c8942e.jpg,62,139,479,406,Teratoma
1357_JPG.rf.e19e65ff278bbc753b2315e3020b8982.jpg,49,55,606,454,Serous cystadenoma
996_JPG.rf.e0899d4dca9ccf96e28c620a40cf9a28.jpg,81,140,501,414,Teratoma
1235_JPG.rf.df98b170b66e2163db2e91512ce8931d.jpg,146,16,542,515,Chocolate cyst
1084_JPG.rf.de51d2b401d989284b5210d9ad271f57.jpg,53,192,581,489,Teratoma
174_JPG.rf.e1f054dbbf9d6b496f2f89e507c660a9.jpg,66,101,411,415,Teratoma
1228_JPG.rf.e1f8506ce41955acf40e1a1d0adfeb6c.jpg,12,70,487,441,Teratoma
1018_JPG.rf.e26d4ff141200ddc385b9c69b2a0c335.jpg,49,90,341,311,Teratoma
192_JPG.rf.de59c2f33f91f1a962f5a68168ec698a.jpg,25,140,597,543,Chocolate cyst
1293_JPG.rf.e1986456e69ffc7624009a7e60808806.jpg,166,20,480,411,Serous cystadenoma
1223_JPG.rf.ddce3bf575b0b26782b60c4b82581b76.jpg,313,2,636,377,Teratoma
1256_JPG.rf.e3d9798aa086ba716cbd21321c4fb38c.jpg,147,96,350,545,Serous cystadenoma
313_JPG.rf.e302b712619de329678f88c0566fcf8e.jpg,9,86,592,449,Chocolate cyst
641_JPG.rf.dedb67dc9041c25bcf8b324daeb9b318.jpg,319,97,501,459,Chocolate cyst
1253_JPG.rf.e359f8d3803d3767ad05e09ca79f0458.jpg,83,68,577,388,Chocolate cyst
873_JPG.rf.e432c1e815ff10c9bda31119c9a10fdd.jpg,240,140,395,411,Teratoma
731_JPG.rf.e0e7e09c4691e36099ac0c473df17775.jpg,235,325,415,421,Chocolate cyst
731_JPG.rf.e0e7e09c4691e36099ac0c473df17775.jpg,104,126,446,315,Chocolate cyst
512_JPG.rf.e13c2437c657bfeb4b7be4333f45b193.jpg,208,87,342,290,Teratoma
708_JPG.rf.e5a8c4ce0e9192fc47b2ea73f2166024.jpg,233,171,516,439,Teratoma
218_JPG.rf.e729e4bc87adb893408c12d8cf93426e.jpg,79,90,521,623,Chocolate cyst
1044_JPG.rf.e3b5dc9c9a24ea85bb283709700428d8.jpg,150,131,464,532,Teratoma
451_JPG.rf.e6ce5a5e655b1163ec9fcd3c0277e685.jpg,199,93,385,555,Chocolate cyst
1302_JPG.rf.e5dfd6e6962fff4a9f04c7819d1155df.jpg,181,63,411,408,Teratoma
1372_JPG.rf.e8828563ea4683384a379c7f8f477817.jpg,139,121,553,424,Teratoma
1230_JPG.rf.e781436e6937a6405436d2bca88e5824.jpg,178,50,521,552,Serous cystadenoma
745_JPG.rf.e76b8e9ab208003efa885d0e76963b87.jpg,131,107,367,481,Teratoma
1242_JPG.rf.e8125494c3d37795bd12b9154e87ba0c.jpg,134,30,402,533,Teratoma
791_JPG.rf.e845431152600541769a4f9517d3018d.jpg,37,104,452,378,Chocolate cyst
1109_JPG.rf.e91c1a7cae51eefa08c6bf5863e46dec.jpg,121,68,470,524,Teratoma
12_JPG.rf.ea2e814b388f01d08ca44dcafe80e15a.jpg,110,97,486,309,Chocolate cyst
1334_JPG.rf.e7ddaadb0ac59d9a374f48496e24393f.jpg,200,21,405,379,Teratoma
1318_JPG.rf.e28928147381ecbd46173d9f8815176f.jpg,85,115,492,401,Mucinous cystadenoma
941_JPG.rf.ea13b25f94520a06a96b41aa68ee5742.jpg,168,329,448,508,Teratoma
1118_JPG.rf.eade12afd38a9516b0a13999025d7a93.jpg,309,129,494,384,Serous cystadenoma
1198_JPG.rf.e26e86db0024ab6b39194d9934941b8a.jpg,391,20,536,303,Chocolate cyst
1322_JPG.rf.e755f1f25fa57147f90c1991a84e82fd.jpg,283,232,443,361,Mucinous cystadenoma
582_JPG.rf.ea2571d2e0e49b33ceccd5d2c38aec66.jpg,116,207,607,549,Chocolate cyst
1139_JPG.rf.ea68551aea4f5aa8ab97b4f29301df3e.jpg,99,52,619,422,Chocolate cyst
677_JPG.rf.e99ed4069d8b7722058fa592b17373b5.jpg,145,54,472,464,Chocolate cyst
674_JPG.rf.e869ae8a581102e55a2ea965f8f0a844.jpg,263,333,327,440,Chocolate cyst
1053_JPG.rf.e8efe14a68213a26e32e259c1d27a263.jpg,92,139,432,366,Serous cystadenoma
401_JPG.rf.eaedfeb616faef425e6209ff20717f51.jpg,276,87,453,430,Teratoma
1122_JPG.rf.e8ff88019df7959684b2d282f04fc328.jpg,234,159,505,533,Serous cystadenoma
1087_JPG.rf.ebe28a1db372116e0a1d9f18d10fbc1e.jpg,165,36,448,573,Teratoma
1180_JPG.rf.ecad14f62f36085de82e687988a0a417.jpg,135,61,638,526,Theca cell tumor
103_JPG.rf.edc12ef3ec1f64ded89885381d2f8350.jpg,185,4,501,478,Serous cystadenoma
1208_JPG.rf.ebefdf7b6b69a442b23fcdddd96d9463.jpg,228,16,559,385,Chocolate cyst
820_JPG.rf.e891e8fda42b3a6a7d5adb6b40e4f9b5.jpg,238,146,480,524,Chocolate cyst
1077_JPG.rf.edd6c95294f46b5cdd4819398edae2ce.jpg,99,75,557,389,Teratoma
1294_JPG.rf.e546b0b6aa36446e5e049833f73ac197.jpg,315,161,383,263,Simple cyst
1461_JPG.rf.ecea180b5bad8cd23ba8e77487ef320f.jpg,157,181,449,457,High grade serous cystadenocarcinoma
1313_JPG.rf.e5b5d76589a332819110a53793de8570.jpg,3,71,639,451,Teratoma
1050_JPG.rf.eca3b6bb6f863d76b4916779c7c862d4.jpg,196,88,428,481,Serous cystadenoma
400_JPG.rf.eed5c4f29d7ab04c03c520ef8bcce280.jpg,197,80,401,441,Teratoma
1148_JPG.rf.f2a23591428a89e3a2156d6f4258fcb7.jpg,190,91,357,416,Theca cell tumor
792_JPG.rf.f114028a3b9922df8fd57cf592c18a94.jpg,172,125,500,436,Chocolate cyst
904_JPG.rf.ee6287ecad11e76322f9f719299817b2.jpg,49,59,575,472,Teratoma
272_JPG.rf.f0100f11876916e140bc6e3a1f66af05.jpg,256,85,470,442,Teratoma
53_JPG.rf.f05ae5cb277678899db14bb65d05c93c.jpg,155,50,471,422,Teratoma
295_JPG.rf.f0d69bd1f68df836a6261d53172937ed.jpg,58,128,598,398,Chocolate cyst
1425_JPG.rf.ee278fe1915bd171fc3afe26afa45646.jpg,204,66,423,392,High grade serous cystadenocarcinoma
387_JPG.rf.ed2749026c468abfdf2b8ae8ad81b0ae.jpg,284,133,485,453,Chocolate cyst
27_JPG.rf.edeec88378eab56dd72df8378c17302b.jpg,133,166,524,596,Chocolate cyst
780_JPG.rf.f330303e9b15f84f665a388756b839e8.jpg,201,102,555,327,Chocolate cyst
756_JPG.rf.f207832ba6d5dc959e76925838af2097.jpg,195,78,603,385,Teratoma
462_JPG.rf.f118b5c0d4256c0c30fd8a7560c74444.jpg,201,38,462,360,Teratoma
928_JPG.rf.f16f062131b5f8df885401dced67be7b.jpg,194,79,290,253,Teratoma
1154_JPG.rf.f38aa16992f9da0f4a3aacdfc6e20d30.jpg,141,6,458,320,Teratoma
1116_JPG.rf.f3a8a9be44d3a8aa11fb86bba82f86e6.jpg,137,72,489,513,Serous cystadenoma
1335_JPG.rf.f2f4730f693a4f289fecb20297ba7075.jpg,91,7,564,408,Teratoma
1310_JPG.rf.ee62f85a2db512a90ce55c0fe3127059.jpg,306,175,456,467,Chocolate cyst
1310_JPG.rf.ee62f85a2db512a90ce55c0fe3127059.jpg,242,177,324,303,Chocolate cyst
1017_JPG.rf.f5688e9d2f35e11a01c781a9511db868.jpg,239,97,533,321,Teratoma
586_JPG.rf.f3c94b5d8cfbcd6dd8abdeefcc750baa.jpg,275,117,361,248,Teratoma
232_JPG.rf.f30a14e3f32fc2423ebbf476f0a108f3.jpg,43,135,401,340,Teratoma
726_JPG.rf.f6eb67c96391078d0718acc589cb893e.jpg,162,56,494,565,Teratoma
598_JPG.rf.f3a487bbcb10cba777c7df3cecaab41c.jpg,54,95,513,431,Teratoma
1282_JPG.rf.f5e24b5a6525baa11bcbd51503bc52e0.jpg,269,162,412,458,Chocolate cyst
825_JPG.rf.f60deaf405fa73113fc338725c4846b7.jpg,223,201,487,552,Chocolate cyst
1070_JPG.rf.f36894ce455c84c391cf2d64864cb801.jpg,121,40,487,532,Teratoma
584_JPG.rf.f5f53e98a9cbf2f349d08b6d184843cb.jpg,254,137,426,290,Teratoma
1226_JPG.rf.f43f8a75b34ef559c58c258ca31caaea.jpg,242,62,464,488,Teratoma
919_JPG.rf.f01bfca950c43daaabee0c26ed786a51.jpg,253,110,426,343,Teratoma
802_JPG.rf.f16d0bca682821ce598aeaac18d0ab05.jpg,193,47,520,234,Chocolate cyst
992_JPG.rf.f8b73dd248b266a9bb399a66934f881e.jpg,101,124,472,394,Teratoma
440_JPG.rf.f81b7a32c345c20264e77796afabc78c.jpg,203,131,391,437,Teratoma
935_JPG.rf.f641b0a96aed69597ce00a9206d610d1.jpg,209,91,480,281,Teratoma
433_JPG.rf.f5a16420e998a9dc961c0977a2d515ce.jpg,261,90,420,351,Teratoma
535_JPG.rf.f93a813d1de896bfb8c6afff94588e49.jpg,72,103,389,377,Teratoma
1144_JPG.rf.f91355cde9c26b409ed425e7d83601fe.jpg,216,150,340,378,Chocolate cyst
1182_JPG.rf.f91771ef3dc8c04c8024523c574cad6e.jpg,156,61,401,508,Theca cell tumor
1192_JPG.rf.f6712cb26a7a954d3d05decd0e15225b.jpg,112,131,560,415,Theca cell tumor
1296_JPG.rf.fc0b670c2b6e4b855470077625017528.jpg,61,95,566,454,Chocolate cyst
1329_JPG.rf.fb36238b93450ac3134ac8b78a35ad8f.jpg,209,169,451,447,Chocolate cyst
486_JPG.rf.f9b5f10699c6400ded878b04b0cfa981.jpg,138,114,424,305,Teratoma
307_JPG.rf.faec7eafcc15c0df09440112c15d5284.jpg,80,136,441,359,Teratoma
1194_JPG.rf.f5b10a9cd25ad4f3d935185052922f71.jpg,131,88,292,365,Mucinous cystadenoma
1125_JPG.rf.fae1d3f1b3b4a96966fbd54c77812d94.jpg,202,45,503,493,Serous cystadenoma
735_JPG.rf.f95de0840305957626ec0c1ae1183e1c.jpg,120,122,440,396,Chocolate cyst
393_JPG.rf.fcacbdbc7bc23f8a5a562a473cf03d5e.jpg,174,116,447,476,Chocolate cyst
49_JPG.rf.f9feb77c540076cfcd5ddbdff45f4f73.jpg,209,116,453,423,Teratoma